Date,Hamina,St.Ghislain,Potsdam,Portland,Boston
2014-06-20 00:00:00,16.14,33.46,20.16,43.17,47.02
2014-06-20 01:00:00,18.16,32.91,16.14,42.13,45.78
2014-06-20 02:00:00,20.98,32.66,17.64,39.59,42.75
2014-06-20 03:00:00,26.4,29.17,21.49,34.8,37.62
2014-06-20 04:00:00,29.27,32.85,31.25,33.93,35.82
2014-06-20 05:00:00,30.71,37.79,37.79,29.99,31.49
2014-06-20 06:00:00,31.81,38.83,38.83,27.67,29.19
2014-06-20 07:00:00,32.29,43.19,40.2,24.27,25.38
2014-06-20 08:00:00,31.89,45.82,38.92,26.72,28.07
2014-06-20 09:00:00,32.09,53.86,38.83,30.72,32.14
2014-06-20 10:00:00,30.32,45.82,36.61,36.6,38.16
2014-06-20 11:00:00,26.82,48.52,30.32,36.98,38.23
2014-06-20 12:00:00,26.35,45.82,26.82,37.11,38.15
2014-06-20 13:00:00,26.78,37.79,26.35,38.73,39.83
2014-06-20 14:00:00,29.77,36.83,26.78,41.78,43.53
2014-06-20 15:00:00,28.85,37.79,30.49,42.04,43.9
2014-06-20 16:00:00,28.11,38.88,35.58,44.73,47.24
2014-06-20 17:00:00,27.3,38.24,38.24,42.17,44.49
2014-06-20 18:00:00,27.22,38.35,37.72,41.78,43.97
2014-06-20 19:00:00,28.19,36.18,36.18,41.98,44.2
2014-06-20 20:00:00,28.11,46.43,38.73,41.8,43.95
2014-06-20 21:00:00,27.09,48.4,36.62,42.01,44.23
2014-06-20 22:00:00,24.57,34.0,28.08,41.85,44.15
2014-06-20 23:00:00,21.73,33.44,25.18,41.01,42.75
2014-06-21 00:00:00,21.0,34.0,22.26,38.79,40.49
2014-06-21 01:00:00,20.64,33.12,21.0,37.07,38.6
2014-06-21 02:00:00,20.11,28.84,20.64,36.88,38.07
2014-06-21 03:00:00,21.01,20.11,20.11,33.61,34.38
2014-06-21 04:00:00,22.06,29.58,21.01,27.0,28.74
2014-06-21 05:00:00,25.29,28.84,22.61,25.25,26.65
2014-06-21 06:00:00,26.71,33.48,25.91,19.89,20.8
2014-06-21 07:00:00,26.47,33.95,27.37,17.07,17.77
2014-06-21 08:00:00,26.63,36.81,26.47,16.92,17.6
2014-06-21 09:00:00,25.2,37.79,26.63,17.38,18.01
2014-06-21 10:00:00,22.37,37.04,25.2,19.74,20.38
2014-06-21 11:00:00,21.12,37.72,21.83,24.0,24.56
2014-06-21 12:00:00,21.12,35.63,20.38,26.68,26.94
2014-06-21 13:00:00,21.08,34.78,20.72,31.07,31.42
2014-06-21 14:00:00,22.6,33.91,20.85,35.98,37.07
2014-06-21 15:00:00,26.43,37.72,22.06,36.61,37.89
2014-06-21 16:00:00,27.6,38.87,26.97,36.58,37.98
2014-06-21 17:00:00,26.62,43.12,29.53,36.84,37.98
2014-06-21 18:00:00,26.71,43.19,30.49,36.68,37.97
2014-06-21 19:00:00,27.57,35.03,31.39,34.0,35.11
2014-06-21 20:00:00,27.62,45.35,35.03,34.78,35.97
2014-06-21 21:00:00,29.28,38.87,31.38,34.45,35.49
2014-06-21 22:00:00,24.5,34.0,30.0,32.0,32.86
2014-06-21 23:00:00,21.53,32.53,24.5,32.04,32.83
2014-06-22 00:00:00,18.98,33.48,21.53,32.0,32.78
2014-06-22 01:00:00,17.18,18.98,18.98,31.59,32.53
2014-06-22 02:00:00,15.75,17.18,17.18,28.94,29.9
2014-06-22 03:00:00,14.63,15.75,15.75,25.96,27.28
2014-06-22 04:00:00,15.37,14.63,14.63,22.56,23.51
2014-06-22 05:00:00,20.16,15.37,14.99,20.98,21.87
2014-06-22 06:00:00,23.52,14.64,14.64,20.56,21.49
2014-06-22 07:00:00,26.8,27.03,16.53,20.72,21.56
2014-06-22 08:00:00,26.63,31.31,15.91,17.72,18.39
2014-06-22 09:00:00,26.19,32.39,16.23,16.43,17.07
2014-06-22 10:00:00,26.43,32.98,13.91,15.88,16.42
2014-06-22 11:00:00,25.41,32.39,10.77,15.22,15.68
2014-06-22 12:00:00,25.13,32.12,4.31,22.69,23.46
2014-06-22 13:00:00,24.79,32.12,6.71,25.96,26.81
2014-06-22 14:00:00,26.79,32.35,10.25,25.62,26.45
2014-06-22 15:00:00,25.02,35.47,13.46,30.73,32.04
2014-06-22 16:00:00,27.87,37.72,24.41,34.65,36.44
2014-06-22 17:00:00,29.4,48.52,28.18,35.96,37.92
2014-06-22 18:00:00,29.94,53.99,30.12,31.45,32.73
2014-06-22 19:00:00,30.72,43.19,31.38,33.58,35.22
2014-06-22 20:00:00,30.38,54.53,40.52,36.0,38.01
2014-06-22 21:00:00,27.41,48.6,36.48,36.12,38.02
2014-06-22 22:00:00,24.97,33.73,30.23,36.06,37.9
2014-06-22 23:00:00,22.39,32.75,25.58,34.52,36.04
2014-06-23 00:00:00,21.53,33.45,22.6,36.81,38.79
2014-06-23 01:00:00,21.79,29.58,21.53,35.73,37.89
2014-06-23 02:00:00,25.78,21.79,21.79,29.06,30.77
2014-06-23 03:00:00,32.81,25.78,25.78,27.0,28.25
2014-06-23 04:00:00,35.07,33.7,33.7,24.59,25.76
2014-06-23 05:00:00,38.83,42.12,42.12,22.88,23.97
2014-06-23 06:00:00,36.99,38.83,38.83,21.54,22.32
2014-06-23 07:00:00,36.7,36.99,36.99,20.35,21.1
2014-06-23 08:00:00,38.76,36.7,36.7,22.62,23.63
2014-06-23 09:00:00,39.43,38.76,38.76,24.06,24.89
2014-06-23 10:00:00,37.72,39.95,39.43,25.36,26.26
2014-06-23 11:00:00,37.87,41.05,37.72,30.79,32.07
2014-06-23 12:00:00,40.95,42.62,37.87,32.75,34.15
2014-06-23 13:00:00,37.98,42.36,41.52,36.09,38.02
2014-06-23 14:00:00,39.47,41.42,41.42,36.23,38.25
2014-06-23 15:00:00,38.78,45.28,45.28,41.06,43.32
2014-06-23 16:00:00,35.9,51.73,51.73,42.01,44.24
2014-06-23 17:00:00,36.02,51.66,51.66,43.02,45.67
2014-06-23 18:00:00,35.6,47.49,47.49,44.0,46.83
2014-06-23 19:00:00,35.09,41.55,41.55,45.32,48.21
2014-06-23 20:00:00,33.86,45.26,45.26,44.42,47.29
2014-06-23 21:00:00,31.99,39.2,39.2,45.97,49.12
2014-06-23 22:00:00,31.31,32.78,32.78,40.74,43.36
2014-06-23 23:00:00,30.52,34.64,31.84,36.0,38.22
2014-06-24 00:00:00,30.2,30.81,30.81,37.45,39.93
2014-06-24 01:00:00,30.09,30.24,30.24,35.45,38.14
2014-06-24 02:00:00,31.34,30.09,30.09,28.34,30.18
2014-06-24 03:00:00,38.65,31.34,31.34,25.61,27.33
2014-06-24 04:00:00,48.48,39.0,39.0,28.27,30.17
2014-06-24 05:00:00,51.83,48.48,48.48,26.81,28.44
2014-06-24 06:00:00,54.96,51.83,51.83,25.62,27.13
2014-06-24 07:00:00,56.0,53.64,53.64,24.47,26.12
2014-06-24 08:00:00,59.86,54.65,54.65,23.94,25.12
2014-06-24 09:00:00,51.67,58.43,58.43,26.46,27.59
2014-06-24 10:00:00,48.84,51.67,51.67,31.27,32.95
2014-06-24 11:00:00,45.33,48.84,48.84,36.49,38.12
2014-06-24 12:00:00,43.12,45.33,45.33,38.93,41.13
2014-06-24 13:00:00,41.82,43.12,43.12,41.82,44.65
2014-06-24 14:00:00,44.04,41.82,41.82,46.04,50.28
2014-06-24 15:00:00,45.34,44.04,44.04,44.15,47.81
2014-06-24 16:00:00,45.56,45.34,45.34,47.29,52.01
2014-06-24 17:00:00,40.73,46.35,46.35,51.33,57.43
2014-06-24 18:00:00,39.43,44.77,44.77,48.32,53.68
2014-06-24 19:00:00,39.32,41.96,41.96,48.28,53.7
2014-06-24 20:00:00,36.59,42.99,42.99,49.26,54.92
2014-06-24 21:00:00,33.45,38.89,38.89,49.41,55.3
2014-06-24 22:00:00,31.0,33.45,33.45,42.26,45.95
2014-06-24 23:00:00,30.48,31.0,31.0,39.25,42.16
2014-06-25 00:00:00,29.04,30.48,30.48,43.03,47.28
2014-06-25 01:00:00,28.95,29.04,29.04,43.09,47.91
2014-06-25 02:00:00,31.44,28.95,28.95,35.99,38.48
2014-06-25 03:00:00,37.85,31.17,31.17,31.22,33.88
2014-06-25 04:00:00,47.94,37.85,37.85,28.94,30.82
2014-06-25 05:00:00,48.59,47.94,47.94,26.21,27.9
2014-06-25 06:00:00,49.57,48.59,48.59,24.49,25.92
2014-06-25 07:00:00,48.31,48.38,48.38,23.66,24.86
2014-06-25 08:00:00,50.87,47.15,47.15,24.9,26.26
2014-06-25 09:00:00,45.59,49.65,49.65,27.92,29.22
2014-06-25 10:00:00,45.2,44.48,44.48,32.01,33.16
2014-06-25 11:00:00,43.66,44.11,44.11,37.38,38.3
2014-06-25 12:00:00,42.69,42.62,42.62,41.66,43.74
2014-06-25 13:00:00,41.47,42.01,42.01,45.61,48.49
2014-06-25 14:00:00,43.67,41.47,41.47,45.67,48.24
2014-06-25 15:00:00,45.0,43.67,43.67,52.3,55.38
2014-06-25 16:00:00,46.67,45.0,45.0,56.52,59.78
2014-06-25 17:00:00,43.45,46.67,46.67,56.58,60.02
2014-06-25 18:00:00,41.3,44.52,44.52,59.54,63.05
2014-06-25 19:00:00,42.81,41.96,41.96,60.73,64.15
2014-06-25 20:00:00,37.31,43.87,43.87,61.47,64.93
2014-06-25 21:00:00,34.53,37.75,37.75,58.47,62.09
2014-06-25 22:00:00,32.06,34.53,34.53,51.1,55.67
2014-06-25 23:00:00,31.15,32.06,32.06,47.49,51.28
2014-06-26 00:00:00,29.97,31.15,31.15,45.96,48.77
2014-06-26 01:00:00,29.92,29.97,29.97,43.02,45.57
2014-06-26 02:00:00,36.03,29.92,29.92,38.53,40.19
2014-06-26 03:00:00,43.51,31.43,31.43,34.88,36.21
2014-06-26 04:00:00,80.49,39.64,39.64,35.17,37.43
2014-06-26 05:00:00,81.94,48.25,48.25,31.18,33.14
2014-06-26 06:00:00,81.94,51.34,51.34,30.51,32.27
2014-06-26 07:00:00,72.99,47.57,47.57,29.48,31.12
2014-06-26 08:00:00,81.9,46.5,46.5,29.32,30.78
2014-06-26 09:00:00,81.89,48.94,48.94,30.98,32.42
2014-06-26 10:00:00,70.27,46.27,46.03,33.4,35.37
2014-06-26 11:00:00,81.85,44.48,44.48,37.93,40.18
2014-06-26 12:00:00,73.49,48.57,44.2,42.25,44.6
2014-06-26 13:00:00,45.24,47.1,44.26,49.37,52.96
2014-06-26 14:00:00,48.4,45.24,45.24,48.08,51.48
2014-06-26 15:00:00,51.21,48.4,48.4,51.53,55.32
2014-06-26 16:00:00,47.55,52.46,52.46,52.89,57.27
2014-06-26 17:00:00,48.05,52.98,52.98,52.67,57.12
2014-06-26 18:00:00,45.31,49.23,49.23,53.75,58.48
2014-06-26 19:00:00,45.45,45.31,45.31,55.01,59.89
2014-06-26 20:00:00,39.67,45.88,45.88,56.35,61.55
2014-06-26 21:00:00,35.07,39.67,39.67,50.95,55.85
2014-06-26 22:00:00,32.03,35.07,35.07,49.43,53.88
2014-06-26 23:00:00,31.06,32.03,32.03,44.72,48.36
2014-06-27 00:00:00,30.38,31.3,31.06,45.81,49.73
2014-06-27 01:00:00,30.52,30.38,30.38,43.04,46.35
2014-06-27 02:00:00,35.89,30.52,30.52,39.2,41.6
2014-06-27 03:00:00,49.66,31.4,31.4,36.28,38.02
2014-06-27 04:00:00,61.36,38.21,38.21,29.05,30.53
2014-06-27 05:00:00,81.86,45.32,45.32,28.9,30.34
2014-06-27 06:00:00,81.86,49.03,49.03,24.57,25.62
2014-06-27 07:00:00,78.05,48.1,48.1,24.36,25.41
2014-06-27 08:00:00,81.86,47.28,47.28,24.47,25.47
2014-06-27 09:00:00,79.83,46.47,46.47,27.28,28.18
2014-06-27 10:00:00,64.81,44.23,44.23,35.5,36.55
2014-06-27 11:00:00,46.43,42.09,42.09,37.08,37.86
2014-06-27 12:00:00,45.53,38.95,38.95,36.67,37.92
2014-06-27 13:00:00,44.28,36.97,36.97,37.3,38.45
2014-06-27 14:00:00,40.66,37.72,37.72,36.65,37.94
2014-06-27 15:00:00,40.66,40.95,40.95,42.17,44.06
2014-06-27 16:00:00,40.64,43.7,43.7,42.08,44.05
2014-06-27 17:00:00,40.63,45.32,45.32,43.29,45.7
2014-06-27 18:00:00,37.93,42.0,42.0,45.56,48.31
2014-06-27 19:00:00,41.03,38.87,38.87,46.07,48.87
2014-06-27 20:00:00,39.56,45.31,45.31,44.65,47.16
2014-06-27 21:00:00,35.13,41.61,41.61,42.69,44.78
2014-06-27 22:00:00,32.62,50.43,36.61,39.64,41.15
2014-06-27 23:00:00,31.29,32.75,32.62,36.3,37.8
2014-06-28 00:00:00,30.25,31.29,31.29,36.83,38.35
2014-06-28 01:00:00,29.31,30.25,30.25,36.19,37.89
2014-06-28 02:00:00,29.23,29.31,29.31,36.72,37.66
2014-06-28 03:00:00,33.06,29.23,29.23,33.52,34.81
2014-06-28 04:00:00,38.61,30.22,30.22,26.11,26.98
2014-06-28 05:00:00,42.25,32.38,32.38,23.0,23.56
2014-06-28 06:00:00,42.49,34.31,34.31,21.76,22.4
2014-06-28 07:00:00,40.22,48.72,35.55,21.43,22.13
2014-06-28 08:00:00,39.04,60.88,34.79,21.0,21.66
2014-06-28 09:00:00,38.75,62.59,34.28,20.59,21.23
2014-06-28 10:00:00,38.14,58.58,33.93,20.21,21.02
2014-06-28 11:00:00,38.33,45.82,32.47,22.7,23.4
2014-06-28 12:00:00,37.75,41.88,31.07,28.49,29.09
2014-06-28 13:00:00,38.56,38.15,30.67,37.15,37.69
2014-06-28 14:00:00,38.17,39.29,32.21,38.15,43.58
2014-06-28 15:00:00,40.8,43.19,34.54,38.47,58.69
2014-06-28 16:00:00,38.59,53.99,37.77,38.35,61.33
2014-06-28 17:00:00,36.2,43.19,40.26,38.53,62.57
2014-06-28 18:00:00,38.04,38.87,38.78,38.11,65.55
2014-06-28 19:00:00,37.78,43.15,35.99,37.75,66.6
2014-06-28 20:00:00,35.51,52.32,38.47,43.75,45.11
2014-06-28 21:00:00,31.11,49.77,36.52,41.79,43.29
2014-06-28 22:00:00,29.01,33.71,30.99,37.14,38.22
2014-06-28 23:00:00,26.54,32.29,29.01,36.56,37.83
2014-06-29 00:00:00,24.78,26.54,26.54,37.63,39.24
2014-06-29 01:00:00,24.53,24.78,24.78,36.62,38.62
2014-06-29 02:00:00,24.9,30.74,24.53,35.52,37.72
2014-06-29 03:00:00,24.27,24.3,24.3,29.21,30.61
2014-06-29 04:00:00,27.59,24.26,23.52,27.61,28.98
2014-06-29 05:00:00,27.43,24.59,21.7,24.0,24.89
2014-06-29 06:00:00,33.77,31.31,26.78,23.15,23.91
2014-06-29 07:00:00,38.37,32.77,30.33,22.14,22.81
2014-06-29 08:00:00,38.1,37.79,32.98,21.84,22.4
2014-06-29 09:00:00,37.08,42.15,34.98,20.72,21.27
2014-06-29 10:00:00,37.24,43.12,34.03,20.85,21.28
2014-06-29 11:00:00,34.43,36.68,30.44,22.73,22.95
2014-06-29 12:00:00,34.87,32.39,29.91,28.91,29.48
2014-06-29 13:00:00,34.59,32.1,28.86,37.11,37.68
2014-06-29 14:00:00,35.09,32.33,28.18,39.22,39.91
2014-06-29 15:00:00,39.23,38.87,30.9,42.37,43.66
2014-06-29 16:00:00,37.79,38.01,33.78,43.27,44.76
2014-06-29 17:00:00,35.79,38.01,35.15,43.3,44.82
2014-06-29 18:00:00,40.34,36.67,36.67,49.82,51.79
2014-06-29 19:00:00,40.85,39.95,36.7,48.82,50.66
2014-06-29 20:00:00,34.63,36.69,36.69,49.06,51.19
2014-06-29 21:00:00,30.32,33.87,33.87,46.62,48.57
2014-06-29 22:00:00,29.11,30.32,30.32,43.16,45.06
2014-06-29 23:00:00,26.99,31.31,29.11,42.18,43.32
2014-06-30 00:00:00,25.92,26.99,26.99,47.62,49.86
2014-06-30 01:00:00,26.34,25.92,25.92,44.98,47.45
2014-06-30 02:00:00,37.29,26.34,26.34,35.81,37.78
2014-06-30 03:00:00,50.95,28.91,28.91,31.34,33.1
2014-06-30 04:00:00,59.3,36.8,36.8,27.56,28.65
2014-06-30 05:00:00,68.34,44.55,44.55,28.21,29.41
2014-06-30 06:00:00,83.9,45.27,45.27,28.1,29.27
2014-06-30 07:00:00,82.88,45.66,45.66,27.3,28.42
2014-06-30 08:00:00,83.55,46.43,44.24,26.84,27.49
2014-06-30 09:00:00,86.85,50.75,43.71,26.94,27.39
2014-06-30 10:00:00,76.93,45.94,42.07,34.27,34.66
2014-06-30 11:00:00,83.56,44.54,41.8,36.69,37.72
2014-06-30 12:00:00,65.63,43.12,39.17,40.62,42.15
2014-06-30 13:00:00,49.96,38.87,36.83,40.26,41.85
2014-06-30 14:00:00,44.04,36.57,35.89,43.99,46.09
2014-06-30 15:00:00,45.39,37.79,37.36,50.66,53.2
2014-06-30 16:00:00,45.34,39.95,39.95,53.51,55.91
2014-06-30 17:00:00,38.71,43.59,43.59,55.45,58.12
2014-06-30 18:00:00,40.91,43.48,42.58,56.86,59.65
2014-06-30 19:00:00,41.35,39.12,39.12,58.03,60.99
2014-06-30 20:00:00,34.45,39.95,38.97,57.17,60.25
2014-06-30 21:00:00,31.55,39.95,34.19,54.16,57.36
2014-06-30 22:00:00,28.9,34.28,30.79,48.81,51.73
2014-06-30 23:00:00,26.83,32.97,28.9,44.35,47.25
2014-07-01 00:00:00,27.08,32.5,26.83,44.67,47.7
2014-07-01 01:00:00,28.04,31.66,27.08,42.06,45.21
2014-07-01 02:00:00,39.95,28.04,28.04,38.06,40.8
2014-07-01 03:00:00,59.96,29.04,29.04,32.61,34.11
2014-07-01 04:00:00,67.15,36.27,36.27,35.46,37.91
2014-07-01 05:00:00,64.7,44.33,43.3,34.4,36.87
2014-07-01 06:00:00,65.95,44.26,43.87,33.5,35.79
2014-07-01 07:00:00,68.74,45.82,41.4,31.98,33.86
2014-07-01 08:00:00,70.26,43.19,40.78,32.08,33.95
2014-07-01 09:00:00,66.36,43.12,41.56,32.8,34.49
2014-07-01 10:00:00,59.94,38.53,38.53,38.36,40.06
2014-07-01 11:00:00,47.79,38.87,36.92,42.22,44.62
2014-07-01 12:00:00,40.8,38.87,36.31,43.38,45.37
2014-07-01 13:00:00,42.38,37.97,36.21,52.27,55.59
2014-07-01 14:00:00,43.53,37.72,36.26,56.26,59.84
2014-07-01 15:00:00,45.92,37.98,37.98,69.48,73.84
2014-07-01 16:00:00,43.44,42.11,42.11,77.3,82.43
2014-07-01 17:00:00,40.2,45.26,45.26,81.84,87.59
2014-07-01 18:00:00,40.03,43.29,43.29,85.56,92.14
2014-07-01 19:00:00,39.95,41.97,41.97,84.97,91.57
2014-07-01 20:00:00,35.47,42.52,42.52,83.52,90.27
2014-07-01 21:00:00,30.89,38.87,33.64,79.67,86.13
2014-07-01 22:00:00,29.65,32.67,30.89,68.69,74.36
2014-07-01 23:00:00,28.15,31.62,29.65,60.27,65.76
2014-07-02 00:00:00,27.15,31.71,28.15,60.23,65.59
2014-07-02 01:00:00,27.87,27.15,27.15,50.17,54.54
2014-07-02 02:00:00,30.65,27.87,27.87,39.65,42.76
2014-07-02 03:00:00,37.84,30.2,30.2,38.8,42.22
2014-07-02 04:00:00,40.24,34.15,34.15,36.91,39.93
2014-07-02 05:00:00,44.47,43.09,43.09,34.98,37.7
2014-07-02 06:00:00,47.21,43.18,43.18,30.16,32.45
2014-07-02 07:00:00,43.94,42.77,42.77,30.28,32.49
2014-07-02 08:00:00,47.52,42.25,42.25,30.36,32.51
2014-07-02 09:00:00,45.4,43.65,43.65,34.42,36.85
2014-07-02 10:00:00,43.82,41.47,41.47,36.5,38.86
2014-07-02 11:00:00,44.59,39.91,39.91,41.62,44.17
2014-07-02 12:00:00,45.46,38.87,38.87,46.0,48.67
2014-07-02 13:00:00,43.66,37.74,37.74,52.08,55.5
2014-07-02 14:00:00,40.22,36.52,36.52,64.06,68.62
2014-07-02 15:00:00,40.24,38.96,38.96,66.68,70.87
2014-07-02 16:00:00,40.88,41.67,41.67,72.04,76.58
2014-07-02 17:00:00,39.58,43.09,43.09,81.31,86.81
2014-07-02 18:00:00,40.2,42.13,42.13,81.79,87.22
2014-07-02 19:00:00,40.2,39.84,39.84,81.49,86.86
2014-07-02 20:00:00,35.74,41.98,41.98,80.59,86.22
2014-07-02 21:00:00,31.12,35.19,35.19,74.47,79.6
2014-07-02 22:00:00,28.21,32.42,32.42,62.4,67.11
2014-07-02 23:00:00,27.63,30.55,30.55,56.28,60.77
2014-07-03 00:00:00,26.81,31.73,28.93,55.47,59.71
2014-07-03 01:00:00,26.67,31.95,27.1,48.44,52.81
2014-07-03 02:00:00,33.9,31.87,27.32,41.37,44.81
2014-07-03 03:00:00,39.24,29.01,29.01,36.45,39.54
2014-07-03 04:00:00,40.24,33.9,33.9,34.82,37.71
2014-07-03 05:00:00,43.19,39.86,39.86,30.94,33.27
2014-07-03 06:00:00,43.33,41.82,41.82,24.76,26.46
2014-07-03 07:00:00,42.8,39.9,39.9,24.05,25.67
2014-07-03 08:00:00,43.4,38.29,38.29,24.4,25.88
2014-07-03 09:00:00,43.21,39.19,39.19,29.13,30.84
2014-07-03 10:00:00,41.67,36.68,33.86,33.73,35.92
2014-07-03 11:00:00,40.24,35.04,32.54,38.56,41.12
2014-07-03 12:00:00,40.18,36.48,32.08,43.32,46.18
2014-07-03 13:00:00,39.88,34.37,32.84,46.37,49.44
2014-07-03 14:00:00,39.6,35.03,33.04,52.98,56.81
2014-07-03 15:00:00,39.58,38.87,38.87,60.02,64.43
2014-07-03 16:00:00,39.71,41.88,41.88,60.04,64.67
2014-07-03 17:00:00,37.78,43.15,43.15,62.06,67.09
2014-07-03 18:00:00,39.55,42.43,42.43,63.14,68.3
2014-07-03 19:00:00,36.79,42.04,42.04,62.12,67.14
2014-07-03 20:00:00,30.62,42.57,42.57,61.71,66.84
2014-07-03 21:00:00,30.07,35.76,35.76,59.83,64.87
2014-07-03 22:00:00,28.32,31.99,30.81,51.25,55.67
2014-07-03 23:00:00,27.74,29.01,29.01,55.15,60.3
2014-07-04 00:00:00,27.06,27.74,27.74,51.88,56.62
2014-07-04 01:00:00,26.98,27.06,27.06,47.09,51.35
2014-07-04 02:00:00,32.5,26.98,26.98,42.26,46.28
2014-07-04 03:00:00,38.84,28.11,28.11,35.38,38.34
2014-07-04 04:00:00,41.77,32.69,32.69,33.46,36.43
2014-07-04 05:00:00,43.9,39.95,39.95,28.26,30.63
2014-07-04 06:00:00,46.23,41.57,41.57,28.06,30.36
2014-07-04 07:00:00,47.16,40.42,40.42,23.45,25.0
2014-07-04 08:00:00,45.91,42.22,39.99,23.08,24.8
2014-07-04 09:00:00,45.59,44.27,39.23,23.1,24.82
2014-07-04 10:00:00,42.92,40.42,35.54,23.4,25.08
2014-07-04 11:00:00,41.28,39.95,32.96,28.48,30.58
2014-07-04 12:00:00,42.12,41.03,32.46,35.06,37.75
2014-07-04 13:00:00,40.89,40.42,32.46,35.43,37.91
2014-07-04 14:00:00,40.27,40.61,33.0,37.08,39.74
2014-07-04 15:00:00,40.48,48.57,36.68,39.05,41.84
2014-07-04 16:00:00,41.41,39.88,39.88,39.15,41.95
2014-07-04 17:00:00,39.74,40.99,40.99,38.78,41.63
2014-07-04 18:00:00,40.04,39.87,39.87,36.98,39.73
2014-07-04 19:00:00,40.23,35.52,35.52,35.15,37.89
2014-07-04 20:00:00,32.35,35.87,34.17,35.18,37.9
2014-07-04 21:00:00,38.53,32.55,29.47,35.2,37.95
2014-07-04 22:00:00,31.85,32.76,30.04,35.15,37.71
2014-07-04 23:00:00,29.2,37.57,27.42,33.23,35.48
2014-07-05 00:00:00,28.16,32.64,27.05,35.07,37.87
2014-07-05 01:00:00,27.38,31.63,26.73,32.0,34.51
2014-07-05 02:00:00,29.23,31.04,26.35,28.4,30.91
2014-07-05 03:00:00,39.61,26.98,25.94,26.93,29.15
2014-07-05 04:00:00,48.64,26.38,26.34,25.75,28.03
2014-07-05 05:00:00,49.2,29.8,29.8,21.16,23.1
2014-07-05 06:00:00,47.21,32.39,34.44,19.06,20.7
2014-07-05 07:00:00,45.96,36.71,36.61,18.01,19.58
2014-07-05 08:00:00,43.71,32.39,36.31,16.59,18.03
2014-07-05 09:00:00,40.78,32.58,35.03,16.61,18.04
2014-07-05 10:00:00,39.44,32.39,30.23,16.81,18.22
2014-07-05 11:00:00,40.22,32.67,27.03,19.77,21.28
2014-07-05 12:00:00,43.23,21.62,25.31,27.9,30.23
2014-07-05 13:00:00,45.01,21.93,26.21,28.25,30.48
2014-07-05 14:00:00,45.26,20.89,27.01,31.23,33.85
2014-07-05 15:00:00,46.07,30.58,30.35,34.68,37.78
2014-07-05 16:00:00,47.57,30.59,33.87,34.61,37.79
2014-07-05 17:00:00,42.87,30.58,35.51,34.77,37.92
2014-07-05 18:00:00,44.42,35.85,35.64,34.73,37.92
2014-07-05 19:00:00,42.98,34.12,34.12,34.65,37.94
2014-07-05 20:00:00,41.02,34.39,31.41,36.31,39.74
2014-07-05 21:00:00,27.73,31.16,29.69,37.0,40.53
2014-07-05 22:00:00,26.03,50.75,27.73,34.68,37.91
2014-07-05 23:00:00,25.43,19.43,26.03,34.72,37.85
2014-07-06 00:00:00,24.4,25.43,25.43,34.52,37.77
2014-07-06 01:00:00,23.77,24.4,24.4,34.48,37.84
2014-07-06 02:00:00,21.62,23.77,23.77,28.26,31.17
2014-07-06 03:00:00,21.68,5.17,21.62,25.31,27.86
2014-07-06 04:00:00,24.6,0.31,21.68,19.57,21.38
2014-07-06 05:00:00,25.78,24.6,24.6,16.62,18.14
2014-07-06 06:00:00,28.29,15.34,25.78,13.46,14.69
2014-07-06 07:00:00,28.56,28.18,16.88,11.18,12.16
2014-07-06 08:00:00,28.64,30.48,16.67,11.18,12.14
2014-07-06 09:00:00,27.87,31.19,17.35,10.73,11.6
2014-07-06 10:00:00,27.16,32.74,17.94,13.14,14.16
2014-07-06 11:00:00,32.7,35.03,16.26,17.83,19.23
2014-07-06 12:00:00,34.51,32.39,13.78,22.0,23.66
2014-07-06 13:00:00,35.65,31.19,15.04,26.41,28.59
2014-07-06 14:00:00,34.46,32.33,16.21,28.42,30.84
2014-07-06 15:00:00,31.72,32.74,27.09,31.76,34.64
2014-07-06 16:00:00,33.02,46.43,31.36,32.29,35.1
2014-07-06 17:00:00,32.7,51.04,33.83,33.8,36.82
2014-07-06 18:00:00,33.74,49.91,35.58,34.67,37.8
2014-07-06 19:00:00,35.53,44.23,36.43,34.74,37.86
2014-07-06 20:00:00,29.85,46.37,38.38,37.11,40.34
2014-07-06 21:00:00,27.88,34.12,29.97,36.51,39.51
2014-07-06 22:00:00,26.38,30.48,28.56,35.99,38.87
2014-07-06 23:00:00,26.16,30.5,26.38,35.1,37.86
2014-07-07 00:00:00,26.32,27.37,26.16,35.03,37.9
2014-07-07 01:00:00,26.06,27.37,26.32,34.95,37.86
2014-07-07 02:00:00,28.09,26.06,26.06,28.33,30.92
2014-07-07 03:00:00,41.39,28.09,28.09,28.32,30.87
2014-07-07 04:00:00,47.45,35.73,35.73,24.21,26.41
2014-07-07 05:00:00,45.63,39.87,39.87,19.55,21.31
2014-07-07 06:00:00,45.92,40.12,40.12,16.81,18.18
2014-07-07 07:00:00,47.42,39.88,39.88,15.93,17.04
2014-07-07 08:00:00,47.05,40.23,40.23,16.81,18.11
2014-07-07 09:00:00,47.08,41.17,41.17,20.7,22.42
2014-07-07 10:00:00,44.98,41.01,41.01,29.98,32.46
2014-07-07 11:00:00,44.14,39.92,39.92,34.78,37.99
2014-07-07 12:00:00,42.98,39.07,39.07,38.31,41.68
2014-07-07 13:00:00,43.63,38.1,38.1,38.5,43.4
2014-07-07 14:00:00,41.69,39.03,39.03,43.7,49.56
2014-07-07 15:00:00,41.66,41.0,41.0,50.11,57.03
2014-07-07 16:00:00,42.27,42.36,42.36,53.57,61.06
2014-07-07 17:00:00,40.21,43.19,43.19,53.53,60.96
2014-07-07 18:00:00,41.5,42.01,42.01,58.23,66.81
2014-07-07 19:00:00,40.23,39.05,39.05,59.63,68.55
2014-07-07 20:00:00,31.24,38.87,38.87,61.13,70.33
2014-07-07 21:00:00,30.31,32.0,32.0,58.95,67.74
2014-07-07 22:00:00,28.64,30.31,30.31,49.62,56.38
2014-07-07 23:00:00,27.37,29.74,29.35,45.89,52.02
2014-07-08 00:00:00,26.95,28.04,28.04,46.18,52.27
2014-07-08 01:00:00,26.79,27.07,27.07,41.0,46.56
2014-07-08 02:00:00,33.52,27.08,27.08,35.74,41.14
2014-07-08 03:00:00,44.26,28.0,28.0,34.78,37.93
2014-07-08 04:00:00,46.4,33.33,33.33,34.62,37.89
2014-07-08 05:00:00,46.41,43.47,43.47,32.03,35.02
2014-07-08 06:00:00,50.11,46.41,46.41,31.83,34.72
2014-07-08 07:00:00,49.58,46.5,46.5,30.38,32.91
2014-07-08 08:00:00,49.81,48.69,48.69,30.97,33.87
2014-07-08 09:00:00,48.08,48.58,48.58,32.15,35.05
2014-07-08 10:00:00,47.25,45.38,45.38,35.0,38.15
2014-07-08 11:00:00,45.18,43.72,43.72,39.6,42.46
2014-07-08 12:00:00,45.21,41.62,41.62,40.64,43.12
2014-07-08 13:00:00,45.59,39.94,39.94,49.01,53.42
2014-07-08 14:00:00,44.9,39.06,39.06,44.93,48.47
2014-07-08 15:00:00,45.85,37.79,37.79,57.63,63.53
2014-07-08 16:00:00,45.21,36.69,36.69,65.16,72.36
2014-07-08 17:00:00,41.03,35.66,35.66,70.69,78.78
2014-07-08 18:00:00,42.47,33.29,33.29,70.29,78.22
2014-07-08 19:00:00,40.26,32.0,32.0,70.92,78.94
2014-07-08 20:00:00,31.3,31.47,31.47,71.28,79.35
2014-07-08 21:00:00,26.58,30.01,28.11,69.74,77.77
2014-07-08 22:00:00,25.58,27.23,27.23,58.25,64.08
2014-07-08 23:00:00,23.79,25.9,25.9,53.55,59.08
2014-07-09 00:00:00,22.59,23.79,23.79,54.8,60.57
2014-07-09 01:00:00,23.43,22.59,22.59,44.91,48.77
2014-07-09 02:00:00,27.08,23.43,23.43,37.3,40.99
2014-07-09 03:00:00,41.14,26.13,26.13,34.38,36.98
2014-07-09 04:00:00,46.18,29.81,29.81,30.58,34.69
2014-07-09 05:00:00,44.44,37.74,37.74,28.0,31.57
2014-07-09 06:00:00,47.52,42.2,42.2,25.09,27.42
2014-07-09 07:00:00,48.16,42.92,42.92,23.0,24.74
2014-07-09 08:00:00,48.11,43.19,43.19,23.44,25.27
2014-07-09 09:00:00,47.1,45.25,45.25,27.87,30.24
2014-07-09 10:00:00,45.41,41.72,41.72,31.7,34.72
2014-07-09 11:00:00,43.66,42.91,42.91,32.8,35.46
2014-07-09 12:00:00,43.14,39.88,39.88,37.69,41.24
2014-07-09 13:00:00,42.03,37.9,37.9,42.42,46.27
2014-07-09 14:00:00,41.86,34.55,34.55,47.91,53.36
2014-07-09 15:00:00,43.26,37.68,37.68,49.81,55.35
2014-07-09 16:00:00,43.14,38.45,38.45,56.42,62.32
2014-07-09 17:00:00,40.05,37.99,37.99,60.43,66.96
2014-07-09 18:00:00,40.2,36.07,36.07,62.4,69.13
2014-07-09 19:00:00,38.63,34.7,34.7,65.1,72.71
2014-07-09 20:00:00,27.83,33.19,33.19,61.23,67.85
2014-07-09 21:00:00,27.07,31.43,28.55,57.5,63.98
2014-07-09 22:00:00,23.59,27.07,27.07,45.74,51.72
2014-07-09 23:00:00,22.72,23.59,23.59,40.79,46.4
2014-07-10 00:00:00,23.07,22.72,22.72,38.7,43.77
2014-07-10 01:00:00,24.78,23.07,23.07,39.33,43.22
2014-07-10 02:00:00,27.6,24.78,24.78,32.08,35.29
2014-07-10 03:00:00,37.33,27.6,27.6,31.65,34.9
2014-07-10 04:00:00,40.23,31.74,31.74,28.18,29.98
2014-07-10 05:00:00,40.74,39.37,39.37,25.5,27.48
2014-07-10 06:00:00,42.76,43.38,43.38,21.59,23.07
2014-07-10 07:00:00,43.12,43.09,43.09,21.17,22.44
2014-07-10 08:00:00,43.11,42.84,42.84,21.13,22.36
2014-07-10 09:00:00,42.83,42.11,42.11,23.67,25.05
2014-07-10 10:00:00,41.61,37.34,37.34,28.98,30.56
2014-07-10 11:00:00,42.81,35.48,35.48,32.82,34.59
2014-07-10 12:00:00,40.46,34.42,34.42,34.04,35.51
2014-07-10 13:00:00,40.47,34.39,34.39,35.88,37.01
2014-07-10 14:00:00,40.22,35.38,35.38,35.94,37.89
2014-07-10 15:00:00,40.24,37.72,37.72,38.92,41.21
2014-07-10 16:00:00,40.41,38.71,38.71,40.72,43.06
2014-07-10 17:00:00,40.18,38.87,38.87,45.85,48.87
2014-07-10 18:00:00,39.79,36.49,36.49,46.42,49.51
2014-07-10 19:00:00,39.77,34.67,34.67,48.36,51.92
2014-07-10 20:00:00,30.76,43.18,33.56,48.31,51.87
2014-07-10 21:00:00,28.02,31.83,30.76,44.75,47.87
2014-07-10 22:00:00,26.99,28.02,28.02,39.63,42.52
2014-07-10 23:00:00,25.74,26.99,26.99,37.0,39.52
2014-07-11 00:00:00,25.09,25.74,25.74,34.55,36.8
2014-07-11 01:00:00,25.47,25.09,25.09,37.0,39.67
2014-07-11 02:00:00,34.55,25.47,25.47,32.71,34.81
2014-07-11 03:00:00,40.99,27.92,27.92,30.25,32.2
2014-07-11 04:00:00,45.23,32.49,32.49,25.37,27.06
2014-07-11 05:00:00,45.46,39.67,39.67,22.0,23.28
2014-07-11 06:00:00,45.39,40.46,40.46,19.77,20.94
2014-07-11 07:00:00,45.13,39.39,39.39,19.7,20.84
2014-07-11 08:00:00,44.64,38.8,38.8,19.83,20.92
2014-07-11 09:00:00,43.53,39.16,39.16,21.32,22.39
2014-07-11 10:00:00,42.91,42.22,35.61,25.76,27.19
2014-07-11 11:00:00,43.55,37.79,34.72,29.15,30.53
2014-07-11 12:00:00,44.17,41.03,33.24,32.0,33.92
2014-07-11 13:00:00,43.08,37.79,32.63,35.09,37.2
2014-07-11 14:00:00,41.86,37.79,32.1,37.0,39.55
2014-07-11 15:00:00,40.87,37.79,34.97,39.0,41.68
2014-07-11 16:00:00,40.25,36.2,36.2,39.37,64.02
2014-07-11 17:00:00,40.0,37.79,37.79,40.85,43.85
2014-07-11 18:00:00,40.21,38.84,38.84,42.22,45.44
2014-07-11 19:00:00,40.18,38.79,38.79,41.75,44.98
2014-07-11 20:00:00,32.26,38.85,38.85,40.61,43.78
2014-07-11 21:00:00,31.74,32.26,32.26,39.17,42.31
2014-07-11 22:00:00,28.61,32.53,32.53,35.93,38.76
2014-07-11 23:00:00,27.1,28.61,28.61,32.82,35.32
2014-07-12 00:00:00,27.07,27.1,27.1,33.32,35.34
2014-07-12 01:00:00,26.86,27.07,27.07,32.86,34.85
2014-07-12 02:00:00,26.54,26.86,26.86,28.21,30.1
2014-07-12 03:00:00,27.1,26.54,26.54,28.56,30.15
2014-07-12 04:00:00,37.75,27.1,27.1,21.94,22.8
2014-07-12 05:00:00,44.6,32.16,32.16,23.19,24.38
2014-07-12 06:00:00,47.52,35.55,35.55,22.07,23.15
2014-07-12 07:00:00,44.39,37.41,37.41,20.47,21.42
2014-07-12 08:00:00,43.33,37.75,36.46,15.3,15.77
2014-07-12 09:00:00,41.0,51.22,36.13,15.02,15.45
2014-07-12 10:00:00,38.07,43.19,31.16,14.91,15.35
2014-07-12 11:00:00,38.01,36.71,27.06,18.23,19.1
2014-07-12 12:00:00,38.05,32.33,24.86,25.02,26.17
2014-07-12 13:00:00,38.04,29.74,24.84,26.9,28.08
2014-07-12 14:00:00,38.03,32.33,27.08,30.25,31.71
2014-07-12 15:00:00,38.06,34.04,31.87,30.97,32.43
2014-07-12 16:00:00,38.07,35.48,35.48,32.36,33.76
2014-07-12 17:00:00,38.01,38.83,38.83,26.58,27.57
2014-07-12 18:00:00,38.03,38.85,38.85,26.54,27.56
2014-07-12 19:00:00,38.09,38.77,38.77,30.26,31.8
2014-07-12 20:00:00,32.92,38.84,38.84,38.83,41.63
2014-07-12 21:00:00,29.76,32.27,32.27,39.42,42.31
2014-07-12 22:00:00,27.23,29.93,29.93,36.73,39.22
2014-07-12 23:00:00,25.93,27.28,27.23,31.05,32.72
2014-07-13 00:00:00,24.5,25.93,25.93,30.37,32.07
2014-07-13 01:00:00,22.72,24.5,24.5,29.0,30.95
2014-07-13 02:00:00,21.17,22.72,22.72,26.19,27.6
2014-07-13 03:00:00,19.53,21.17,21.17,25.13,26.55
2014-07-13 04:00:00,21.58,19.53,19.53,22.18,23.63
2014-07-13 05:00:00,25.54,21.58,21.58,21.85,23.2
2014-07-13 06:00:00,35.49,25.54,24.93,20.55,21.76
2014-07-13 07:00:00,37.78,27.66,27.66,19.01,20.11
2014-07-13 08:00:00,38.03,30.32,28.14,19.72,20.61
2014-07-13 09:00:00,35.46,37.72,29.19,18.79,19.69
2014-07-13 10:00:00,33.75,43.12,27.0,17.47,18.38
2014-07-13 11:00:00,34.92,36.71,23.83,19.49,20.67
2014-07-13 12:00:00,35.15,32.27,16.2,22.62,23.63
2014-07-13 13:00:00,35.41,30.27,17.93,26.79,27.93
2014-07-13 14:00:00,35.41,30.26,24.83,30.13,31.73
2014-07-13 15:00:00,34.0,37.72,27.05,32.33,33.98
2014-07-13 16:00:00,38.09,37.79,30.39,33.97,35.77
2014-07-13 17:00:00,38.05,37.79,33.64,33.32,34.92
2014-07-13 18:00:00,38.07,37.79,35.25,34.59,36.54
2014-07-13 19:00:00,36.82,35.62,33.12,36.63,39.1
2014-07-13 20:00:00,29.16,45.82,33.48,38.2,40.89
2014-07-13 21:00:00,27.23,36.71,29.16,38.84,41.4
2014-07-13 22:00:00,24.89,37.79,27.23,35.8,37.85
2014-07-13 23:00:00,22.63,29.58,24.89,33.3,35.11
2014-07-14 00:00:00,21.31,18.97,22.63,34.33,36.37
2014-07-14 01:00:00,19.83,25.92,21.31,30.31,32.06
2014-07-14 02:00:00,30.58,29.02,19.83,28.28,29.62
2014-07-14 03:00:00,40.25,28.84,25.39,25.49,26.82
2014-07-14 04:00:00,48.18,36.71,36.71,32.35,34.24
2014-07-14 05:00:00,51.07,44.77,44.77,30.02,31.68
2014-07-14 06:00:00,51.73,45.31,45.31,25.92,27.33
2014-07-14 07:00:00,50.48,44.03,44.03,25.73,27.05
2014-07-14 08:00:00,49.78,41.04,41.04,26.09,27.17
2014-07-14 09:00:00,48.57,43.12,38.82,26.7,27.55
2014-07-14 10:00:00,49.16,35.63,35.25,27.59,28.56
2014-07-14 11:00:00,47.94,35.03,33.5,30.16,31.85
2014-07-14 12:00:00,45.74,32.33,32.33,32.92,34.75
2014-07-14 13:00:00,43.58,32.07,32.07,37.88,40.26
2014-07-14 14:00:00,42.33,32.33,32.33,44.7,48.9
2014-07-14 15:00:00,42.56,36.68,36.68,47.54,54.38
2014-07-14 16:00:00,42.38,40.49,40.49,50.42,66.13
2014-07-14 17:00:00,40.19,41.97,41.97,49.95,67.22
2014-07-14 18:00:00,40.25,41.12,41.12,48.98,71.33
2014-07-14 19:00:00,39.5,38.79,38.79,50.34,71.65
2014-07-14 20:00:00,32.02,38.77,38.77,56.68,72.4
2014-07-14 21:00:00,30.46,32.39,32.39,61.16,68.87
2014-07-14 22:00:00,28.18,30.46,30.46,46.17,50.92
2014-07-14 23:00:00,27.23,28.18,28.18,45.42,50.16
2014-07-15 00:00:00,27.07,27.23,27.23,47.14,52.35
2014-07-15 01:00:00,27.24,27.07,27.07,38.89,41.96
2014-07-15 02:00:00,34.61,27.24,27.24,33.27,35.85
2014-07-15 03:00:00,40.21,29.2,29.2,33.17,34.74
2014-07-15 04:00:00,47.97,31.98,31.98,33.81,35.48
2014-07-15 05:00:00,48.05,30.49,38.18,32.36,33.97
2014-07-15 06:00:00,49.12,38.98,38.98,30.31,31.73
2014-07-15 07:00:00,48.98,37.7,37.7,30.59,31.7
2014-07-15 08:00:00,49.06,38.04,38.04,30.45,31.72
2014-07-15 09:00:00,48.9,39.88,39.88,32.14,33.88
2014-07-15 10:00:00,47.89,38.79,38.79,34.41,36.13
2014-07-15 11:00:00,46.94,37.7,37.7,39.53,41.39
2014-07-15 12:00:00,47.75,36.71,36.71,42.2,44.21
2014-07-15 13:00:00,46.54,37.72,36.62,46.2,54.88
2014-07-15 14:00:00,45.35,43.19,36.36,48.37,52.24
2014-07-15 15:00:00,45.4,45.82,38.18,54.87,59.74
2014-07-15 16:00:00,45.59,40.48,40.48,58.66,64.43
2014-07-15 17:00:00,40.26,42.87,42.87,59.7,65.53
2014-07-15 18:00:00,43.98,42.98,42.98,61.4,67.73
2014-07-15 19:00:00,43.16,42.09,42.09,61.36,67.44
2014-07-15 20:00:00,35.49,41.07,41.07,61.68,67.58
2014-07-15 21:00:00,30.88,36.21,36.21,59.19,65.67
2014-07-15 22:00:00,28.73,31.69,31.63,47.2,52.46
2014-07-15 23:00:00,28.0,31.24,30.55,47.16,52.18
2014-07-16 00:00:00,27.68,31.25,28.87,47.19,52.13
2014-07-16 01:00:00,27.55,31.21,28.62,44.31,49.12
2014-07-16 02:00:00,28.41,28.92,28.92,40.44,42.98
2014-07-16 03:00:00,39.39,30.59,30.59,34.47,36.63
2014-07-16 04:00:00,45.54,36.43,36.43,31.45,33.38
2014-07-16 05:00:00,49.12,43.51,43.51,29.43,31.25
2014-07-16 06:00:00,49.74,45.13,45.13,28.04,29.92
2014-07-16 07:00:00,49.54,48.52,42.01,27.44,29.2
2014-07-16 08:00:00,50.5,49.68,41.63,27.53,29.2
2014-07-16 09:00:00,50.45,50.12,42.07,29.42,31.12
2014-07-16 10:00:00,49.62,43.19,40.12,31.21,32.82
2014-07-16 11:00:00,48.29,45.82,40.39,32.0,33.59
2014-07-16 12:00:00,47.05,43.12,40.72,37.83,40.48
2014-07-16 13:00:00,46.05,42.11,39.07,34.56,36.54
2014-07-16 14:00:00,44.56,37.72,37.72,34.25,36.2
2014-07-16 15:00:00,44.43,39.0,39.0,38.35,40.94
2014-07-16 16:00:00,44.5,41.54,41.54,38.58,41.17
2014-07-16 17:00:00,40.94,45.65,45.65,41.27,44.24
2014-07-16 18:00:00,42.82,45.41,45.41,39.79,42.71
2014-07-16 19:00:00,40.23,42.37,42.37,40.94,43.92
2014-07-16 20:00:00,36.08,42.98,42.98,39.6,42.54
2014-07-16 21:00:00,32.42,37.2,37.2,38.21,41.11
2014-07-16 22:00:00,30.1,33.86,33.86,35.93,38.44
2014-07-16 23:00:00,29.51,30.84,30.84,36.08,38.34
2014-07-17 00:00:00,28.63,30.24,30.24,37.11,39.45
2014-07-17 01:00:00,28.61,30.57,30.57,34.3,36.43
2014-07-17 02:00:00,33.55,30.46,30.46,31.58,33.73
2014-07-17 03:00:00,40.01,31.95,31.95,32.52,33.71
2014-07-17 04:00:00,47.62,38.71,38.71,30.75,31.96
2014-07-17 05:00:00,48.97,45.46,45.46,27.36,28.34
2014-07-17 06:00:00,48.53,46.48,46.48,24.56,25.42
2014-07-17 07:00:00,49.86,50.46,42.97,23.26,24.04
2014-07-17 08:00:00,50.49,50.25,41.66,23.9,24.6
2014-07-17 09:00:00,50.81,44.27,43.71,26.02,26.66
2014-07-17 10:00:00,50.94,53.63,40.94,31.07,31.97
2014-07-17 11:00:00,49.58,59.32,39.44,31.24,32.03
2014-07-17 12:00:00,47.74,54.11,39.84,31.18,32.08
2014-07-17 13:00:00,48.87,52.9,38.01,34.53,36.59
2014-07-17 14:00:00,48.32,53.99,37.78,39.1,40.11
2014-07-17 15:00:00,48.34,54.11,41.52,42.06,43.16
2014-07-17 16:00:00,48.43,45.74,45.74,45.54,46.68
2014-07-17 17:00:00,43.57,46.04,46.04,45.45,49.65
2014-07-17 18:00:00,45.35,43.89,43.89,48.02,57.72
2014-07-17 19:00:00,41.81,42.04,42.04,47.92,59.02
2014-07-17 20:00:00,36.09,41.99,41.99,48.18,59.68
2014-07-17 21:00:00,32.77,35.79,35.79,46.85,48.59
2014-07-17 22:00:00,31.02,33.57,33.57,41.6,43.11
2014-07-17 23:00:00,29.93,31.79,31.79,38.56,39.98
2014-07-18 00:00:00,29.02,30.66,30.66,40.09,41.4
2014-07-18 01:00:00,29.18,30.33,30.33,34.81,36.05
2014-07-18 02:00:00,38.07,29.9,29.9,30.64,32.06
2014-07-18 03:00:00,47.4,31.79,31.79,30.55,31.97
2014-07-18 04:00:00,49.61,38.26,38.26,21.33,22.45
2014-07-18 05:00:00,50.89,45.08,45.08,19.06,20.38
2014-07-18 06:00:00,54.03,45.82,45.82,18.16,19.33
2014-07-18 07:00:00,54.04,43.97,43.97,16.62,17.54
2014-07-18 08:00:00,55.38,42.94,42.94,17.85,18.93
2014-07-18 09:00:00,53.18,41.14,41.14,19.1,20.0
2014-07-18 10:00:00,50.82,39.94,39.94,23.08,23.96
2014-07-18 11:00:00,50.55,36.99,36.99,26.78,28.13
2014-07-18 12:00:00,50.16,36.63,36.63,28.58,29.94
2014-07-18 13:00:00,49.48,37.62,36.41,30.77,32.01
2014-07-18 14:00:00,47.17,37.72,36.69,30.83,32.06
2014-07-18 15:00:00,46.35,40.95,40.95,30.67,44.5
2014-07-18 16:00:00,45.37,44.44,44.44,31.73,49.61
2014-07-18 17:00:00,40.93,46.46,46.46,34.83,49.82
2014-07-18 18:00:00,42.61,43.98,43.98,34.94,51.07
2014-07-18 19:00:00,39.76,39.87,39.87,38.71,51.28
2014-07-18 20:00:00,34.65,42.65,42.65,38.79,51.08
2014-07-18 21:00:00,34.66,40.94,40.94,35.34,50.03
2014-07-18 22:00:00,30.84,37.22,33.86,31.45,33.18
2014-07-18 23:00:00,29.19,33.92,30.84,33.05,34.69
2014-07-19 00:00:00,28.91,33.12,29.19,32.34,33.81
2014-07-19 01:00:00,28.77,33.12,28.91,30.54,31.97
2014-07-19 02:00:00,28.33,31.56,28.77,28.91,30.1
2014-07-19 03:00:00,31.27,28.33,28.33,28.71,29.8
2014-07-19 04:00:00,40.19,10.51,29.62,22.65,23.62
2014-07-19 05:00:00,40.21,15.7,31.83,20.08,21.0
2014-07-19 06:00:00,40.25,23.78,32.27,18.78,19.64
2014-07-19 07:00:00,42.9,29.47,31.99,17.85,18.57
2014-07-19 08:00:00,42.41,31.66,31.66,17.33,17.97
2014-07-19 09:00:00,40.25,29.49,29.49,17.41,17.99
2014-07-19 10:00:00,40.2,28.51,28.51,17.99,18.69
2014-07-19 11:00:00,40.2,25.12,25.12,20.42,21.13
2014-07-19 12:00:00,40.22,25.85,25.85,24.75,25.7
2014-07-19 13:00:00,40.23,28.07,28.07,29.7,30.75
2014-07-19 14:00:00,40.24,28.09,28.09,29.82,30.89
2014-07-19 15:00:00,40.24,33.37,31.81,30.43,31.52
2014-07-19 16:00:00,40.2,37.79,35.54,31.33,32.51
2014-07-19 17:00:00,39.81,37.81,37.81,30.57,31.66
2014-07-19 18:00:00,42.02,40.42,37.7,31.08,32.4
2014-07-19 19:00:00,43.53,34.93,34.93,31.08,32.46
2014-07-19 20:00:00,38.08,50.42,35.15,31.17,32.46
2014-07-19 21:00:00,27.52,50.66,31.88,31.24,32.52
2014-07-19 22:00:00,25.58,51.57,25.98,30.03,31.03
2014-07-19 23:00:00,22.99,35.49,23.2,29.68,30.83
2014-07-20 00:00:00,21.92,32.65,20.0,29.83,30.93
2014-07-20 01:00:00,19.89,23.34,21.39,29.5,30.64
2014-07-20 02:00:00,16.92,19.89,19.41,26.14,27.15
2014-07-20 03:00:00,18.09,16.92,16.52,23.79,24.85
2014-07-20 04:00:00,38.05,18.09,16.53,23.39,24.35
2014-07-20 05:00:00,38.04,22.0,21.47,19.01,19.8
2014-07-20 06:00:00,39.76,21.55,18.13,17.16,17.9
2014-07-20 07:00:00,40.27,33.61,18.67,16.23,16.9
2014-07-20 08:00:00,47.24,37.79,19.51,16.13,16.79
2014-07-20 09:00:00,45.15,44.95,23.62,16.05,16.68
2014-07-20 10:00:00,44.51,37.79,24.5,15.86,16.51
2014-07-20 11:00:00,45.19,37.79,20.58,15.83,16.58
2014-07-20 12:00:00,47.41,35.63,22.48,23.52,24.5
2014-07-20 13:00:00,46.46,36.44,20.45,26.25,27.32
2014-07-20 14:00:00,43.59,36.73,22.9,26.19,27.18
2014-07-20 15:00:00,45.83,37.72,28.14,29.72,30.89
2014-07-20 16:00:00,43.6,48.59,31.71,29.7,30.96
2014-07-20 17:00:00,42.37,43.19,32.3,30.35,31.59
2014-07-20 18:00:00,48.29,45.82,32.12,29.59,30.97
2014-07-20 19:00:00,47.93,42.22,30.47,29.77,31.33
2014-07-20 20:00:00,38.95,41.02,31.89,31.08,32.65
2014-07-20 21:00:00,36.79,33.64,28.08,31.0,32.41
2014-07-20 22:00:00,27.06,37.72,26.74,31.06,32.36
2014-07-20 23:00:00,24.63,25.76,25.76,29.62,30.95
2014-07-21 00:00:00,24.82,24.63,24.63,30.68,32.25
2014-07-21 01:00:00,27.07,24.82,24.82,29.35,30.9
2014-07-21 02:00:00,40.22,24.5,24.5,25.42,26.69
2014-07-21 03:00:00,42.4,16.38,26.47,23.99,24.84
2014-07-21 04:00:00,49.38,33.04,36.67,23.04,23.94
2014-07-21 05:00:00,50.77,26.74,43.89,20.74,21.48
2014-07-21 06:00:00,51.03,33.85,46.37,19.4,20.04
2014-07-21 07:00:00,51.39,40.15,47.59,18.72,19.33
2014-07-21 08:00:00,51.4,46.28,47.67,19.28,19.85
2014-07-21 09:00:00,51.37,47.82,47.82,20.99,21.61
2014-07-21 10:00:00,50.96,46.98,46.98,24.98,25.94
2014-07-21 11:00:00,50.79,45.11,45.11,25.97,26.92
2014-07-21 12:00:00,49.87,41.5,41.5,28.66,29.32
2014-07-21 13:00:00,45.74,38.83,38.83,31.46,32.05
2014-07-21 14:00:00,42.01,36.86,37.7,33.16,33.67
2014-07-21 15:00:00,40.25,36.66,39.54,33.18,33.8
2014-07-21 16:00:00,40.25,38.35,38.86,34.82,35.36
2014-07-21 17:00:00,38.11,38.78,38.78,40.95,41.78
2014-07-21 18:00:00,43.82,35.49,35.49,41.41,42.43
2014-07-21 19:00:00,40.22,32.75,32.75,41.61,42.77
2014-07-21 20:00:00,28.9,31.42,31.42,41.53,42.77
2014-07-21 21:00:00,30.23,31.35,28.9,40.25,41.51
2014-07-21 22:00:00,28.25,30.23,30.23,31.07,31.88
2014-07-21 23:00:00,27.84,28.25,28.25,31.38,31.95
2014-07-22 00:00:00,27.09,23.67,27.84,33.3,34.18
2014-07-22 01:00:00,28.14,27.09,27.09,30.89,32.04
2014-07-22 02:00:00,36.71,12.6,28.14,27.83,29.14
2014-07-22 03:00:00,39.55,21.24,29.25,25.1,26.56
2014-07-22 04:00:00,41.23,32.1,33.15,27.37,29.09
2014-07-22 05:00:00,42.57,40.94,40.94,24.2,25.49
2014-07-22 06:00:00,46.49,46.09,46.09,21.36,22.35
2014-07-22 07:00:00,48.09,45.29,45.29,20.16,21.09
2014-07-22 08:00:00,48.36,46.34,46.34,21.46,22.41
2014-07-22 09:00:00,49.08,46.4,46.4,23.88,24.85
2014-07-22 10:00:00,49.39,41.07,41.07,28.62,29.89
2014-07-22 11:00:00,49.75,37.82,37.82,30.8,32.08
2014-07-22 12:00:00,48.72,36.33,36.33,35.06,36.61
2014-07-22 13:00:00,45.4,34.97,34.49,39.27,41.6
2014-07-22 14:00:00,45.92,34.74,34.74,40.16,42.17
2014-07-22 15:00:00,47.05,37.79,34.95,48.59,51.54
2014-07-22 16:00:00,43.79,38.84,38.84,55.98,59.6
2014-07-22 17:00:00,41.17,40.96,40.96,59.13,63.01
2014-07-22 18:00:00,41.18,37.79,37.79,60.12,64.19
2014-07-22 19:00:00,40.21,35.71,35.71,60.37,64.31
2014-07-22 20:00:00,36.13,38.82,38.82,61.29,65.43
2014-07-22 21:00:00,35.44,34.42,33.12,59.42,63.7
2014-07-22 22:00:00,28.37,32.37,29.89,53.78,57.89
2014-07-22 23:00:00,27.87,31.36,28.37,47.69,51.44
2014-07-23 00:00:00,27.34,27.87,27.87,46.42,49.92
2014-07-23 01:00:00,28.01,27.34,27.34,43.12,45.43
2014-07-23 02:00:00,35.71,28.01,28.01,36.34,38.61
2014-07-23 03:00:00,41.23,29.47,29.47,30.41,32.27
2014-07-23 04:00:00,50.61,33.36,33.36,29.63,31.58
2014-07-23 05:00:00,51.33,41.75,41.75,29.24,31.17
2014-07-23 06:00:00,51.26,41.1,41.1,26.21,27.81
2014-07-23 07:00:00,51.87,39.41,39.41,25.4,26.89
2014-07-23 08:00:00,52.07,38.8,38.8,25.55,26.99
2014-07-23 09:00:00,51.67,39.59,39.59,26.21,27.62
2014-07-23 10:00:00,50.94,36.71,36.71,30.15,31.73
2014-07-23 11:00:00,50.7,36.96,35.89,31.97,33.59
2014-07-23 12:00:00,50.07,34.8,34.32,36.31,38.2
2014-07-23 13:00:00,50.58,35.03,33.27,40.92,43.34
2014-07-23 14:00:00,49.64,36.74,33.2,45.95,48.85
2014-07-23 15:00:00,47.9,48.52,34.94,58.14,62.51
2014-07-23 16:00:00,48.56,39.3,38.86,61.33,66.27
2014-07-23 17:00:00,40.25,42.2,42.2,64.57,69.75
2014-07-23 18:00:00,40.26,38.79,38.79,61.51,66.6
2014-07-23 19:00:00,41.16,35.5,35.5,64.72,70.15
2014-07-23 20:00:00,35.69,48.5,36.98,64.55,69.95
2014-07-23 21:00:00,30.49,36.71,32.71,59.69,65.81
2014-07-23 22:00:00,28.76,31.99,30.49,50.51,55.15
2014-07-23 23:00:00,27.84,28.76,28.76,45.09,49.34
2014-07-24 00:00:00,27.05,27.84,27.84,43.78,47.7
2014-07-24 01:00:00,27.66,27.05,27.05,41.65,45.03
2014-07-24 02:00:00,35.73,27.66,27.66,38.4,41.28
2014-07-24 03:00:00,42.81,29.5,29.5,35.18,37.91
2014-07-24 04:00:00,50.25,31.98,31.98,29.48,31.33
2014-07-24 05:00:00,50.93,39.4,39.4,28.22,29.96
2014-07-24 06:00:00,52.72,39.84,39.84,26.43,28.0
2014-07-24 07:00:00,52.75,38.28,38.28,24.75,26.09
2014-07-24 08:00:00,52.61,38.04,38.04,24.97,26.31
2014-07-24 09:00:00,52.55,39.31,39.31,27.7,29.15
2014-07-24 10:00:00,51.64,39.92,39.92,30.45,31.98
2014-07-24 11:00:00,51.59,39.46,39.46,32.86,34.24
2014-07-24 12:00:00,51.53,37.79,37.79,37.04,38.66
2014-07-24 13:00:00,51.02,37.78,37.78,40.8,54.3
2014-07-24 14:00:00,46.6,38.22,38.22,42.5,58.55
2014-07-24 15:00:00,50.31,43.12,41.32,44.13,59.17
2014-07-24 16:00:00,50.19,43.11,43.11,43.0,59.16
2014-07-24 17:00:00,41.23,44.66,44.66,43.0,59.17
2014-07-24 18:00:00,49.4,43.26,43.26,44.0,59.18
2014-07-24 19:00:00,41.22,43.14,43.14,42.54,59.07
2014-07-24 20:00:00,35.71,43.56,43.56,40.55,58.96
2014-07-24 21:00:00,35.67,43.73,37.88,42.31,58.67
2014-07-24 22:00:00,29.04,33.61,31.22,40.33,44.88
2014-07-24 23:00:00,28.17,32.54,29.04,39.82,41.71
2014-07-25 00:00:00,28.09,32.88,28.17,39.14,40.98
2014-07-25 01:00:00,28.11,32.54,28.09,31.99,33.44
2014-07-25 02:00:00,38.1,32.54,28.11,30.44,31.93
2014-07-25 03:00:00,50.91,31.15,30.22,28.48,30.13
2014-07-25 04:00:00,51.06,35.26,35.26,23.99,25.36
2014-07-25 05:00:00,52.86,43.19,43.19,21.26,22.43
2014-07-25 06:00:00,55.51,44.72,44.72,19.37,20.35
2014-07-25 07:00:00,55.49,49.7,44.18,18.71,19.67
2014-07-25 08:00:00,55.24,52.86,43.16,18.87,19.77
2014-07-25 09:00:00,54.89,54.0,43.15,21.5,22.51
2014-07-25 10:00:00,54.12,52.86,39.92,27.17,28.15
2014-07-25 11:00:00,54.15,53.98,36.99,28.92,29.83
2014-07-25 12:00:00,53.74,52.86,37.67,29.5,30.29
2014-07-25 13:00:00,52.91,50.16,37.52,31.5,32.06
2014-07-25 14:00:00,51.91,49.52,35.32,32.32,32.86
2014-07-25 15:00:00,51.01,43.18,39.51,32.93,33.5
2014-07-25 16:00:00,50.99,41.97,41.97,33.32,34.04
2014-07-25 17:00:00,47.55,41.2,41.2,40.2,41.29
2014-07-25 18:00:00,50.11,39.0,39.0,44.54,45.96
2014-07-25 19:00:00,43.71,37.8,37.8,47.38,49.09
2014-07-25 20:00:00,38.05,39.85,39.85,47.63,49.51
2014-07-25 21:00:00,39.55,37.79,34.71,42.08,43.86
2014-07-25 22:00:00,31.59,39.41,34.5,32.96,34.02
2014-07-25 23:00:00,30.99,34.65,31.59,30.83,32.0
2014-07-26 00:00:00,30.21,32.51,30.99,30.71,31.89
2014-07-26 01:00:00,30.22,30.21,30.21,31.94,33.2
2014-07-26 02:00:00,29.87,30.22,30.22,28.06,29.41
2014-07-26 03:00:00,32.21,29.87,29.87,27.56,28.82
2014-07-26 04:00:00,40.19,31.65,31.65,25.87,27.19
2014-07-26 05:00:00,40.21,32.5,32.5,23.28,24.56
2014-07-26 06:00:00,46.1,34.63,34.63,20.35,21.51
2014-07-26 07:00:00,47.37,38.87,35.06,18.09,19.06
2014-07-26 08:00:00,45.4,43.19,33.76,18.09,19.01
2014-07-26 09:00:00,43.7,50.27,32.24,18.2,19.05
2014-07-26 10:00:00,43.85,43.19,30.75,19.03,20.01
2014-07-26 11:00:00,46.31,38.87,30.31,21.56,22.53
2014-07-26 12:00:00,47.36,35.05,29.91,27.73,28.82
2014-07-26 13:00:00,46.97,35.03,30.4,30.65,32.12
2014-07-26 14:00:00,45.35,34.45,31.98,32.77,34.45
2014-07-26 15:00:00,46.17,35.59,35.59,35.27,37.4
2014-07-26 16:00:00,46.48,38.77,38.77,40.01,42.71
2014-07-26 17:00:00,40.55,41.08,41.08,39.68,44.08
2014-07-26 18:00:00,49.3,42.0,42.0,38.78,50.9
2014-07-26 19:00:00,43.69,41.14,41.14,36.78,73.02
2014-07-26 20:00:00,39.54,50.78,40.96,39.72,74.02
2014-07-26 21:00:00,33.06,38.87,35.45,42.0,65.02
2014-07-26 22:00:00,31.56,33.51,29.22,41.52,44.07
2014-07-26 23:00:00,30.84,31.56,28.13,40.05,42.58
2014-07-27 00:00:00,30.18,30.84,28.07,41.57,44.23
2014-07-27 01:00:00,29.28,30.18,27.4,35.35,37.49
2014-07-27 02:00:00,28.97,29.28,27.16,30.27,32.08
2014-07-27 03:00:00,29.05,28.97,24.94,29.52,30.89
2014-07-27 04:00:00,31.68,29.05,25.81,26.69,27.83
2014-07-27 05:00:00,38.48,28.11,27.55,25.37,26.57
2014-07-27 06:00:00,40.25,28.15,28.18,21.52,22.57
2014-07-27 07:00:00,41.18,31.49,28.13,20.3,21.28
2014-07-27 08:00:00,41.15,18.38,27.4,19.41,20.3
2014-07-27 09:00:00,40.36,20.81,28.13,19.36,20.19
2014-07-27 10:00:00,40.23,24.27,24.92,20.19,20.94
2014-07-27 11:00:00,40.22,20.07,24.84,22.42,23.06
2014-07-27 12:00:00,40.23,17.18,22.19,26.75,27.46
2014-07-27 13:00:00,40.22,16.98,25.75,26.98,27.93
2014-07-27 14:00:00,40.2,14.97,27.98,31.04,32.43
2014-07-27 15:00:00,40.23,35.05,32.43,34.46,36.34
2014-07-27 16:00:00,40.24,37.72,35.09,34.18,35.87
2014-07-27 17:00:00,40.21,40.07,36.44,36.48,38.35
2014-07-27 18:00:00,40.26,38.87,36.28,35.52,37.31
2014-07-27 19:00:00,40.25,47.63,36.85,35.54,37.41
2014-07-27 20:00:00,36.61,52.86,37.74,37.56,39.54
2014-07-27 21:00:00,32.06,40.07,34.84,39.55,41.64
2014-07-27 22:00:00,30.76,38.87,32.06,37.12,39.07
2014-07-27 23:00:00,30.16,33.08,30.76,35.64,37.48
2014-07-28 00:00:00,29.87,31.4,30.16,38.64,40.64