Date,Portland,Boston,Richmond,Brighton,Hatfield,Madison,Georgetown
2013-06-20 00:00:00,30.45,31.76,30.39,30.69,29.32,31.65,30.41
2013-06-20 01:00:00,29.26,30.61,30.45,30.94,29.54,29.28,30.58
2013-06-20 02:00:00,33.46,34.9,27.73,27.96,26.78,29.35,27.82
2013-06-20 03:00:00,29.01,30.38,25.21,25.34,24.38,26.77,25.3
2013-06-20 04:00:00,35.66,37.67,20.98,21.27,20.54,24.4,21.15
2013-06-20 05:00:00,30.7,32.49,15.9,16.13,15.66,20.37,16.03
2013-06-20 06:00:00,29.3,31.12,22.34,22.55,21.95,15.5,22.48
2013-06-20 07:00:00,33.37,35.16,18.77,18.9,18.49,21.75,19.01
2013-06-20 08:00:00,23.48,24.78,22.69,22.85,22.32,18.28,22.85
2013-06-20 09:00:00,25.06,26.54,23.49,23.49,22.97,22.12,23.62
2013-06-20 10:00:00,30.7,32.39,24.45,24.49,23.82,22.81,24.61
2013-06-20 11:00:00,29.61,30.86,25.9,26.04,25.14,23.75,26.09
2013-06-20 12:00:00,29.55,30.57,28.22,28.53,27.37,25.09,28.44
2013-06-20 13:00:00,28.76,29.72,29.87,30.38,29.0,27.2,30.11
2013-06-20 14:00:00,29.03,30.17,33.87,34.66,32.92,28.73,34.03
2013-06-20 15:00:00,30.33,31.58,35.61,36.17,34.38,32.52,35.68
2013-06-20 16:00:00,29.25,30.66,39.28,39.33,37.46,34.11,39.16
2013-06-20 17:00:00,31.64,33.22,49.7,49.28,46.98,37.57,49.35
2013-06-20 18:00:00,37.96,40.05,47.33,46.31,44.16,47.51,46.55
2013-06-20 19:00:00,42.87,45.29,47.06,45.67,43.53,44.96,46.04
2013-06-20 20:00:00,35.07,37.04,64.72,62.49,59.62,44.68,63.34
2013-06-20 21:00:00,37.89,40.04,56.36,54.61,52.15,61.52,55.2
2013-06-20 22:00:00,31.86,33.37,44.59,43.26,41.37,53.61,43.7
2013-06-20 23:00:00,30.79,32.21,47.43,46.08,44.09,42.44,46.51
2013-06-21 00:00:00,30.73,32.35,37.81,37.08,35.46,45.19,37.22
2013-06-21 01:00:00,30.24,32.06,34.06,33.78,32.26,36.1,33.68
2013-06-21 02:00:00,28.66,30.65,32.85,31.87,30.5,32.58,31.85
2013-06-21 03:00:00,29.29,31.7,28.57,28.58,27.41,31.08,28.47
2013-06-21 04:00:00,36.53,39.74,24.74,25.02,24.08,27.5,24.8
2013-06-21 05:00:00,32.28,34.88,24.54,24.74,23.96,23.94,24.62
2013-06-21 06:00:00,25.3,27.23,6.65,6.68,6.49,23.8,6.66
2013-06-21 07:00:00,24.36,26.06,11.63,11.62,11.36,6.45,11.64
2013-06-21 08:00:00,23.0,24.7,23.25,23.13,22.65,11.32,23.27
2013-06-21 09:00:00,25.31,27.1,22.52,22.56,22.04,22.57,22.6
2013-06-21 10:00:00,32.66,34.39,23.67,23.63,23.05,21.88,23.74
2013-06-21 11:00:00,40.48,42.2,26.5,26.37,25.57,22.98,26.51
2013-06-21 12:00:00,41.57,43.3,28.97,28.89,27.8,25.59,28.91
2013-06-21 13:00:00,45.76,47.53,31.36,30.61,29.37,27.82,30.52
2013-06-21 14:00:00,45.78,47.62,38.12,34.96,33.64,29.64,35.2
2013-06-21 15:00:00,46.62,48.82,45.77,42.38,40.72,34.83,42.57
2013-06-21 16:00:00,54.01,56.28,46.7,39.89,38.39,41.93,40.54
2013-06-21 17:00:00,45.44,48.74,48.5,41.36,39.89,41.08,42.38
2013-06-21 18:00:00,47.33,50.93,48.33,45.66,43.87,42.68,45.83
2013-06-21 19:00:00,48.84,52.73,51.8,47.31,45.48,44.82,47.54
2013-06-21 20:00:00,49.05,52.9,51.06,47.41,45.53,47.13,47.4
2013-06-21 21:00:00,45.15,48.74,42.88,40.07,38.41,46.8,39.92
2013-06-21 22:00:00,45.41,47.76,37.25,35.21,33.71,39.41,34.91
2013-06-21 23:00:00,44.39,46.42,34.92,34.0,32.55,34.46,33.49
2013-06-22 00:00:00,39.01,40.82,32.7,33.11,31.73,32.79,32.53
2013-06-22 01:00:00,50.07,52.78,30.97,31.46,30.16,31.41,30.89
2013-06-22 02:00:00,36.04,37.77,30.16,30.53,29.32,29.77,30.12
2013-06-22 03:00:00,36.74,38.63,28.85,29.42,28.26,29.03,28.88
2013-06-22 04:00:00,31.84,34.11,26.78,27.66,26.58,27.86,26.88
2013-06-22 05:00:00,30.07,31.86,23.48,24.1,23.27,25.95,23.49
2013-06-22 06:00:00,28.75,30.43,23.73,24.41,23.66,22.76,23.79
2013-06-22 07:00:00,27.53,28.81,7.93,8.18,7.95,23.05,7.97
2013-06-22 08:00:00,28.21,29.5,0.41,0.43,0.41,7.72,0.41
2013-06-22 09:00:00,28.77,29.86,0.33,0.34,0.33,0.4,0.33
2013-06-22 10:00:00,29.17,30.06,1.65,1.69,1.72,0.32,1.83
2013-06-22 11:00:00,29.45,30.55,25.38,26.06,25.58,1.6,26.08
2013-06-22 12:00:00,30.49,31.3,27.61,28.22,27.38,24.65,27.92
2013-06-22 13:00:00,35.55,36.4,27.92,28.36,27.27,26.8,28.05
2013-06-22 14:00:00,36.87,38.16,31.37,31.79,30.43,26.91,31.37
2013-06-22 15:00:00,34.97,36.29,41.76,42.44,40.5,30.12,41.73
2013-06-22 16:00:00,37.92,39.42,42.41,43.95,41.5,40.0,42.37
2013-06-22 17:00:00,35.59,37.29,45.85,44.41,41.9,40.59,43.02
2013-06-22 18:00:00,46.18,48.71,42.38,40.47,38.45,42.24,39.76
2013-06-22 19:00:00,53.11,56.1,37.09,38.15,36.25,39.03,37.2
2013-06-22 20:00:00,53.33,77.39,38.63,40.64,38.63,35.5,39.06
2013-06-22 21:00:00,56.85,110.78,37.43,40.31,38.2,36.95,38.04
2013-06-22 22:00:00,40.79,43.2,34.43,37.17,35.1,35.89,34.97
2013-06-22 23:00:00,31.42,33.23,33.52,35.99,33.99,33.1,33.99
2013-06-23 00:00:00,36.54,38.48,33.89,36.28,34.43,32.27,34.42
2013-06-23 01:00:00,32.4,34.26,31.21,33.41,31.7,32.68,31.73
2013-06-23 02:00:00,29.58,31.31,28.37,29.7,28.32,30.12,28.7
2013-06-23 03:00:00,29.12,30.69,27.79,29.28,27.94,27.37,28.14
2013-06-23 04:00:00,29.5,31.17,26.06,27.64,26.39,26.88,26.4
2013-06-23 05:00:00,26.52,28.04,24.84,26.31,25.19,25.24,25.12
2013-06-23 06:00:00,29.04,30.62,21.26,22.26,21.42,24.09,21.49
2013-06-23 07:00:00,28.36,29.72,14.7,15.3,14.83,20.65,14.84
2013-06-23 08:00:00,29.75,31.09,14.32,14.84,14.42,14.3,14.43
2013-06-23 09:00:00,28.6,29.88,0.65,0.68,0.66,13.92,0.66
2013-06-23 10:00:00,21.4,22.14,0.98,1.02,0.99,0.63,0.99
2013-06-23 11:00:00,27.21,27.91,17.46,18.5,17.97,0.96,17.89
2013-06-23 12:00:00,29.02,29.87,26.1,27.78,27.12,17.03,27.39
2013-06-23 13:00:00,33.42,34.5,26.69,28.1,27.03,25.32,27.25
2013-06-23 14:00:00,46.76,48.19,29.79,30.73,29.48,25.81,30.15
2013-06-23 15:00:00,53.4,54.96,46.05,46.79,44.94,28.49,44.66
2013-06-23 16:00:00,46.23,47.98,45.71,46.87,44.9,42.8,43.58
2013-06-23 17:00:00,58.45,61.35,44.85,49.47,47.66,41.85,42.88
2013-06-23 18:00:00,62.74,66.17,52.36,61.56,60.13,40.71,49.78
2013-06-23 19:00:00,174.31,183.46,66.8,68.28,65.0,47.76,64.87
2013-06-23 20:00:00,312.01,328.47,52.77,55.6,52.44,62.03,50.89
2013-06-23 21:00:00,155.68,163.61,44.42,49.97,46.79,48.51,43.51
2013-06-23 22:00:00,49.39,52.23,45.03,49.35,46.66,41.22,45.33
2013-06-23 23:00:00,57.91,61.28,44.89,49.3,46.89,42.99,46.15
2013-06-24 00:00:00,70.54,74.66,37.07,45.31,43.27,43.44,38.46
2013-06-24 01:00:00,62.74,66.64,37.44,44.99,42.85,35.54,38.94
2013-06-24 02:00:00,46.55,49.56,28.6,34.85,33.15,36.01,29.81
2013-06-24 03:00:00,35.21,37.12,30.5,32.64,31.1,27.41,31.14
2013-06-24 04:00:00,33.92,36.43,28.79,30.77,29.32,29.61,29.35
2013-06-24 05:00:00,31.9,34.48,26.03,28.06,26.72,28.01,26.6
2013-06-24 06:00:00,29.54,31.95,23.56,25.17,24.06,25.37,24.05
2013-06-24 07:00:00,29.52,31.61,24.44,25.81,24.81,22.95,24.87
2013-06-24 08:00:00,30.2,31.9,24.94,26.3,25.29,23.81,25.37
2013-06-24 09:00:00,29.92,31.46,25.08,26.33,25.29,24.3,25.46
2013-06-24 10:00:00,34.64,36.76,24.31,25.45,24.45,24.4,24.66
2013-06-24 11:00:00,51.86,54.03,26.88,28.6,27.41,23.65,27.39
2013-06-24 12:00:00,60.4,62.81,30.05,38.92,37.66,26.1,33.14
2013-06-24 13:00:00,52.74,55.68,39.83,46.37,44.09,28.64,47.4
2013-06-24 14:00:00,53.36,58.42,48.49,53.14,50.98,39.25,55.0
2013-06-24 15:00:00,74.02,81.71,41.76,51.85,49.61,47.56,58.52
2013-06-24 16:00:00,79.93,93.41,56.44,79.87,77.52,42.21,66.26
2013-06-24 17:00:00,87.88,106.62,40.66,59.88,61.33,55.51,66.67
2013-06-24 18:00:00,114.08,141.28,64.72,93.56,93.67,42.22,89.48
2013-06-24 19:00:00,446.62,570.41,113.53,125.66,119.23,64.03,115.55
2013-06-24 20:00:00,212.53,269.0,79.39,82.02,77.32,108.52,79.26
2013-06-24 21:00:00,66.94,80.99,50.76,55.27,49.43,73.72,49.05
2013-06-24 22:00:00,61.26,72.29,52.71,54.01,52.5,45.88,58.02
2013-06-24 23:00:00,49.1,56.62,42.91,48.24,46.57,50.82,52.25
2013-06-25 00:00:00,44.16,50.44,38.46,41.34,39.69,41.85,45.72
2013-06-25 01:00:00,34.44,38.2,36.57,40.08,38.33,37.37,43.73
2013-06-25 02:00:00,32.76,35.74,30.69,32.94,31.41,35.89,33.34
2013-06-25 03:00:00,37.51,40.64,28.19,30.88,28.91,30.04,28.96
2013-06-25 04:00:00,42.45,45.81,26.13,27.97,26.82,27.34,27.02
2013-06-25 05:00:00,32.88,35.27,23.91,25.59,24.61,25.35,24.75
2013-06-25 06:00:00,26.2,28.33,23.01,24.34,23.54,23.45,23.76
2013-06-25 07:00:00,17.41,18.64,22.67,23.87,23.13,22.55,23.28
2013-06-25 08:00:00,32.1,34.21,22.77,23.96,23.17,22.22,23.2
2013-06-25 09:00:00,35.73,38.1,23.48,24.77,24.11,22.32,24.41
2013-06-25 10:00:00,27.66,29.06,26.76,27.79,26.82,22.99,27.21
2013-06-25 11:00:00,27.73,28.88,27.8,27.98,27.13,26.04,27.66
2013-06-25 12:00:00,36.2,37.55,29.49,31.38,30.07,26.66,30.27
2013-06-25 13:00:00,37.03,38.77,31.66,33.52,32.63,28.74,31.51
2013-06-25 14:00:00,39.93,42.75,35.38,40.42,41.81,30.27,36.8
2013-06-25 15:00:00,46.21,50.38,47.45,53.52,58.28,34.51,47.47
2013-06-25 16:00:00,59.05,65.46,33.44,49.79,48.41,44.45,37.47
2013-06-25 17:00:00,61.34,67.0,33.61,58.25,56.65,40.73,30.1
2013-06-25 18:00:00,59.78,64.86,45.21,68.99,67.2,35.89,35.73
2013-06-25 19:00:00,61.96,67.76,42.19,60.35,58.34,41.11,36.68
2013-06-25 20:00:00,61.13,67.41,44.79,53.81,51.19,39.61,44.03
2013-06-25 21:00:00,61.8,68.0,61.78,64.56,60.93,43.45,62.49
2013-06-25 22:00:00,57.16,62.38,47.67,49.69,46.99,59.99,48.22
2013-06-25 23:00:00,56.55,60.15,37.38,52.62,36.07,46.37,36.99
2013-06-26 00:00:00,53.56,57.06,60.08,91.88,56.01,35.82,59.57
2013-06-26 01:00:00,45.97,48.76,63.56,90.56,59.83,57.9,63.43
2013-06-26 02:00:00,30.9,32.7,33.84,41.32,33.24,61.36,34.31
2013-06-26 03:00:00,50.72,53.35,27.53,41.1,31.01,32.98,28.62
2013-06-26 04:00:00,40.76,43.59,26.75,28.97,26.89,26.78,27.27
2013-06-26 05:00:00,31.79,34.01,25.65,26.85,25.49,26.18,26.09
2013-06-26 06:00:00,31.5,33.42,21.86,22.78,21.72,25.12,22.24
2013-06-26 07:00:00,31.92,33.6,19.81,20.63,19.79,21.42,20.18
2013-06-26 08:00:00,33.22,35.0,19.77,20.54,19.75,19.46,20.12
2013-06-26 09:00:00,22.47,23.67,23.81,24.82,23.84,19.44,24.27
2013-06-26 10:00:00,31.16,32.53,25.78,27.12,25.83,23.37,26.3
2013-06-26 11:00:00,39.04,40.71,26.71,28.53,26.98,25.23,27.33
2013-06-26 12:00:00,37.5,39.56,28.2,36.97,27.62,26.09,28.35
2013-06-26 13:00:00,43.43,46.31,28.78,46.17,27.7,27.13,28.87
2013-06-26 14:00:00,51.93,57.06,30.96,55.3,29.6,27.55,31.24
2013-06-26 15:00:00,48.61,54.09,33.18,46.76,30.96,29.66,33.7
2013-06-26 16:00:00,39.37,43.31,39.7,47.53,39.28,32.19,40.27
2013-06-26 17:00:00,34.7,38.2,51.63,63.73,49.06,38.47,51.2
2013-06-26 18:00:00,34.06,37.63,50.76,57.08,49.95,49.46,51.52
2013-06-26 19:00:00,34.13,37.66,41.13,49.98,39.3,49.31,41.41
2013-06-26 20:00:00,32.91,36.4,43.46,54.09,42.12,39.72,44.38
2013-06-26 21:00:00,34.02,37.64,39.56,51.16,38.01,42.22,40.37
2013-06-26 22:00:00,33.46,36.91,36.03,39.03,35.76,38.28,36.9
2013-06-26 23:00:00,31.66,34.83,35.24,37.21,35.1,34.99,36.04
2013-06-27 00:00:00,31.89,34.97,35.41,39.68,35.24,34.23,36.2
2013-06-27 01:00:00,33.0,35.45,34.34,44.24,33.21,34.35,34.88
2013-06-27 02:00:00,17.71,18.9,30.64,33.26,30.48,33.28,31.17
2013-06-27 03:00:00,16.29,17.42,29.7,31.41,29.68,29.76,30.15
2013-06-27 04:00:00,28.5,30.17,26.71,31.02,26.67,28.85,27.18
2013-06-27 05:00:00,30.27,32.11,25.36,27.04,25.5,25.98,25.81
2013-06-27 06:00:00,30.46,32.19,21.8,23.07,21.96,24.72,22.2
2013-06-27 07:00:00,29.47,31.13,21.85,23.15,22.13,21.31,22.31
2013-06-27 08:00:00,29.75,31.35,22.63,23.9,22.92,21.39,23.15
2013-06-27 09:00:00,27.87,29.27,25.56,27.18,25.96,22.16,26.19
2013-06-27 10:00:00,29.87,31.34,25.79,27.38,26.03,25.0,26.39
2013-06-27 11:00:00,28.73,30.06,27.06,29.52,27.21,25.19,27.7
2013-06-27 12:00:00,28.67,30.15,28.32,35.11,27.81,26.39,28.75
2013-06-27 13:00:00,31.03,32.79,30.95,40.19,30.25,27.47,31.44
2013-06-27 14:00:00,30.87,33.02,34.62,57.53,31.86,29.91,34.79
2013-06-27 15:00:00,31.76,34.06,38.23,104.13,8.16,33.02,37.37
2013-06-27 16:00:00,35.72,38.32,34.64,47.93,32.92,35.87,34.94
2013-06-27 17:00:00,42.48,45.59,39.99,52.9,37.81,33.17,40.26
2013-06-27 18:00:00,41.69,44.49,44.18,56.52,41.59,38.31,44.25
2013-06-27 19:00:00,32.47,34.55,64.73,69.75,58.69,42.41,63.3
2013-06-27 20:00:00,32.46,34.52,57.22,60.36,49.67,61.09,55.2
2013-06-27 21:00:00,35.76,37.98,48.93,45.62,41.34,53.08,44.16
2013-06-27 22:00:00,33.33,35.23,41.82,39.16,36.18,44.77,38.23
2013-06-27 23:00:00,32.5,34.3,42.0,38.82,36.36,38.53,38.23
2013-06-28 00:00:00,31.79,33.62,37.18,39.23,33.68,38.57,35.54
2013-06-28 01:00:00,31.5,33.13,38.7,40.02,35.66,35.01,37.31
2013-06-28 02:00:00,25.95,27.43,30.46,30.62,28.63,36.6,29.62
2013-06-28 03:00:00,10.22,10.9,28.23,29.85,27.98,28.9,28.69
2013-06-28 04:00:00,27.21,28.9,27.27,32.69,26.51,27.28,27.27
2013-06-28 05:00:00,26.74,28.59,28.57,31.37,27.95,26.39,28.45
2013-06-28 06:00:00,26.63,28.5,25.46,26.65,25.29,27.66,25.58
2013-06-28 07:00:00,25.39,27.25,23.91,24.99,23.78,24.76,24.05
2013-06-28 08:00:00,24.8,26.77,24.74,25.79,24.55,23.25,24.88
2013-06-28 09:00:00,28.01,29.89,26.89,27.61,26.31,24.06,27.0
2013-06-28 10:00:00,43.97,46.31,26.58,27.39,25.98,26.0,26.69
2013-06-28 11:00:00,37.16,39.32,33.89,39.2,32.29,25.75,33.76
2013-06-28 12:00:00,39.18,41.41,38.42,42.02,36.93,32.64,38.37
2013-06-28 13:00:00,34.79,36.86,50.75,52.12,49.07,37.03,50.82
2013-06-28 14:00:00,37.89,40.21,59.53,61.19,57.66,48.95,59.88
2013-06-28 15:00:00,51.5,54.7,50.28,51.36,48.52,57.33,50.62
2013-06-28 16:00:00,42.26,45.52,73.32,72.14,68.01,48.37,71.01
2013-06-28 17:00:00,46.42,50.35,53.92,56.28,51.14,69.26,52.93
2013-06-28 18:00:00,115.46,125.55,56.07,71.55,54.29,51.24,54.31
2013-06-28 19:00:00,63.65,69.01,41.97,56.76,40.21,52.45,41.6
2013-06-28 20:00:00,73.71,80.02,36.99,43.96,35.68,39.73,38.26
2013-06-28 21:00:00,70.38,75.6,32.68,34.48,31.7,35.11,33.06
2013-06-28 22:00:00,71.42,76.55,32.36,36.45,31.41,31.47,33.55
2013-06-28 23:00:00,45.96,49.08,31.23,34.34,30.23,30.69,32.59
2013-06-29 00:00:00,36.13,38.76,29.42,30.38,28.74,29.43,29.66
2013-06-29 01:00:00,38.06,40.87,30.11,33.66,29.24,28.37,30.31
2013-06-29 02:00:00,52.27,56.38,29.41,30.4,28.7,28.98,29.52
2013-06-29 03:00:00,56.05,60.57,27.69,28.68,27.08,28.44,27.74
2013-06-29 04:00:00,33.73,36.38,26.17,27.14,25.84,26.83,26.38
2013-06-29 05:00:00,28.11,30.54,27.26,28.86,27.4,25.3,27.46
2013-06-29 06:00:00,28.63,30.85,22.32,23.34,22.26,26.55,22.47
2013-06-29 07:00:00,28.85,31.07,22.79,23.34,22.46,21.7,22.99
2013-06-29 08:00:00,30.57,32.91,23.22,23.85,22.98,22.03,23.38
2013-06-29 09:00:00,28.17,30.34,22.43,22.93,22.16,22.53,22.58
2013-06-29 10:00:00,28.67,30.46,23.17,23.85,22.98,21.77,23.33
2013-06-29 11:00:00,44.35,47.25,25.06,25.72,24.73,22.55,25.3
2013-06-29 12:00:00,32.82,34.32,27.12,28.43,26.99,24.23,27.36
2013-06-29 13:00:00,33.77,35.5,28.44,29.89,28.27,26.33,28.74
2013-06-29 14:00:00,38.56,40.57,32.38,34.85,32.0,27.59,32.65
2013-06-29 15:00:00,34.9,36.77,35.78,44.85,33.98,31.34,35.9
2013-06-29 16:00:00,39.59,41.78,31.67,36.28,29.87,34.2,32.02
2013-06-29 17:00:00,46.89,49.49,40.63,58.77,37.89,30.2,40.74
2013-06-29 18:00:00,51.75,54.7,35.75,42.84,37.28,38.75,36.37
2013-06-29 19:00:00,61.23,64.94,33.9,42.54,35.38,34.55,34.56
2013-06-29 20:00:00,54.11,57.43,36.11,111.46,6.55,32.73,35.69
2013-06-29 21:00:00,52.31,55.29,41.78,177.67,-5.36,33.78,39.77
2013-06-29 22:00:00,52.9,55.99,34.3,46.29,33.16,38.35,34.65
2013-06-29 23:00:00,37.37,39.5,29.45,36.57,28.92,33.2,29.87
2013-06-30 00:00:00,51.32,54.27,30.03,40.32,29.26,28.52,30.29
2013-06-30 01:00:00,46.03,48.44,32.65,42.0,31.99,29.06,32.92
2013-06-30 02:00:00,43.12,45.83,29.41,34.27,29.55,31.61,29.77
2013-06-30 03:00:00,36.84,39.38,28.28,33.42,28.55,28.58,28.59
2013-06-30 04:00:00,39.92,43.03,26.23,30.52,26.67,27.47,26.62
2013-06-30 05:00:00,32.62,35.13,26.06,29.02,26.52,25.56,26.42
2013-06-30 06:00:00,33.14,35.78,24.74,26.4,25.09,25.42,25.04
2013-06-30 07:00:00,33.52,36.2,23.8,24.92,23.83,24.13,23.83
2013-06-30 08:00:00,28.74,31.03,23.71,23.39,22.49,23.19,22.57
2013-06-30 09:00:00,27.95,30.15,23.79,24.58,23.63,22.86,23.62
2013-06-30 10:00:00,29.12,31.2,21.54,22.61,21.7,23.13,21.74
2013-06-30 11:00:00,30.01,31.92,24.37,25.16,24.08,21.03,24.13
2013-06-30 12:00:00,28.81,30.42,24.64,26.12,24.81,23.68,24.83
2013-06-30 13:00:00,27.65,29.02,26.01,27.72,26.23,24.02,26.36
2013-06-30 14:00:00,34.72,36.39,30.25,32.5,30.61,25.37,30.65
2013-06-30 15:00:00,43.21,45.26,33.73,37.08,34.34,29.45,34.29
2013-06-30 16:00:00,55.96,58.53,35.41,37.4,35.11,32.78,34.97
2013-06-30 17:00:00,62.81,65.75,35.83,50.64,34.81,34.29,36.48
2013-06-30 18:00:00,47.11,49.34,34.1,43.01,36.27,34.45,35.61
2013-06-30 19:00:00,35.23,36.83,35.52,42.76,36.18,32.94,36.21
2013-06-30 20:00:00,31.34,32.82,36.27,50.15,34.14,34.56,36.56
2013-06-30 21:00:00,31.87,33.3,37.63,57.54,33.02,35.17,37.57
2013-06-30 22:00:00,34.1,35.63,32.94,41.03,31.7,36.42,33.22
2013-06-30 23:00:00,35.88,37.52,33.1,40.07,32.54,32.01,33.46
2013-07-01 00:00:00,42.88,44.8,32.51,41.1,31.56,32.16,32.88
2013-07-01 01:00:00,35.99,37.79,31.51,36.34,31.98,31.61,32.08
2013-07-01 02:00:00,39.06,41.47,28.48,31.0,29.18,30.68,28.99
2013-07-01 03:00:00,33.02,35.35,26.13,28.53,26.89,27.73,26.57
2013-07-01 04:00:00,29.35,31.77,23.75,25.87,24.46,25.48,24.14
2013-07-01 05:00:00,26.24,28.3,22.52,24.33,23.12,23.18,22.88
2013-07-01 06:00:00,25.58,27.65,21.24,22.79,21.75,22.0,21.58
2013-07-01 07:00:00,25.34,27.34,17.17,18.33,17.59,20.78,17.44
2013-07-01 08:00:00,26.73,28.78,18.7,19.93,19.17,16.84,18.99
2013-07-01 09:00:00,25.38,27.2,23.99,25.64,24.55,18.36,24.35
2013-07-01 10:00:00,25.25,26.72,23.7,24.84,23.68,23.47,23.7
2013-07-01 11:00:00,26.35,27.68,25.41,26.84,25.41,23.01,25.52
2013-07-01 12:00:00,33.33,34.76,27.56,29.63,27.9,24.67,27.99
2013-07-01 13:00:00,50.92,53.58,29.6,32.01,30.07,26.81,30.11
2013-07-01 14:00:00,45.8,48.41,29.32,31.88,30.0,28.76,30.12
2013-07-01 15:00:00,35.64,37.93,30.35,32.72,30.79,28.46,31.04
2013-07-01 16:00:00,32.03,34.17,30.88,33.32,31.33,29.44,31.52
2013-07-01 17:00:00,33.23,35.68,31.38,33.96,31.89,29.96,32.06
2013-07-01 18:00:00,31.79,34.16,31.2,33.86,31.74,30.47,31.91
2013-07-01 19:00:00,30.5,32.74,31.43,37.63,31.68,30.27,31.9
2013-07-01 20:00:00,30.74,33.01,31.63,43.25,29.88,30.47,31.67
2013-07-01 21:00:00,30.68,32.83,31.52,46.49,27.42,30.56,31.54
2013-07-01 22:00:00,30.87,33.0,30.01,37.48,28.91,30.42,30.32
2013-07-01 23:00:00,31.2,33.33,29.8,35.62,29.54,29.08,30.32
2013-07-02 00:00:00,32.48,34.51,29.61,33.43,30.21,28.88,30.38
2013-07-02 01:00:00,26.34,28.12,28.05,31.41,28.82,28.68,28.62
2013-07-02 02:00:00,17.67,18.82,24.67,26.83,25.24,27.29,25.13
2013-07-02 03:00:00,10.31,10.94,25.03,26.98,25.47,24.0,25.42
2013-07-02 04:00:00,11.95,12.75,23.51,25.36,24.0,24.38,23.88
2013-07-02 05:00:00,25.57,27.4,21.02,25.85,23.77,22.94,21.62
2013-07-02 06:00:00,24.11,25.87,13.38,14.22,13.56,20.47,13.52
2013-07-02 07:00:00,10.74,11.5,13.41,14.08,13.5,13.06,13.51
2013-07-02 08:00:00,23.61,25.23,20.67,21.76,20.83,13.11,20.84
2013-07-02 09:00:00,21.31,22.64,24.15,25.68,24.48,20.2,24.41
2013-07-02 10:00:00,10.54,11.06,24.87,26.48,25.12,23.58,25.15
2013-07-02 11:00:00,27.14,28.51,25.72,27.52,25.95,24.21,26.04
2013-07-02 12:00:00,34.63,36.33,28.21,30.19,28.46,25.0,28.58
2013-07-02 13:00:00,33.64,35.3,30.29,32.87,30.91,27.38,30.83
2013-07-02 14:00:00,34.82,36.69,33.85,37.1,34.74,29.41,34.5
2013-07-02 15:00:00,34.66,37.0,40.5,49.92,43.03,32.82,41.59
2013-07-02 16:00:00,44.57,47.39,36.46,48.26,35.14,39.19,36.94
2013-07-02 17:00:00,41.82,44.47,36.01,56.43,30.98,35.21,36.03
2013-07-02 18:00:00,37.08,39.46,38.12,68.99,30.81,34.65,37.78
2013-07-02 19:00:00,47.62,50.69,37.0,51.38,36.98,36.57,37.59
2013-07-02 20:00:00,42.32,45.02,42.45,53.09,46.15,35.47,43.37
2013-07-02 21:00:00,38.85,41.2,37.39,44.07,39.32,40.64,38.26
2013-07-02 22:00:00,38.89,41.21,35.61,39.87,37.26,35.92,36.4
2013-07-02 23:00:00,34.25,35.98,33.66,36.43,34.18,34.37,34.35
2013-07-03 00:00:00,30.77,32.32,36.72,41.08,37.52,32.63,37.43
2013-07-03 01:00:00,30.71,32.23,34.11,37.13,34.77,35.71,34.74
2013-07-03 02:00:00,27.94,29.34,28.36,30.04,28.42,33.19,28.68
2013-07-03 03:00:00,27.26,28.72,27.7,29.28,27.8,27.56,27.98
2013-07-03 04:00:00,2.18,2.29,22.97,27.94,25.73,26.94,23.63
2013-07-03 05:00:00,0.0,0.0,24.59,26.24,24.97,22.34,24.89
2013-07-03 06:00:00,0.0,0.0,21.72,22.76,21.79,23.98,21.95
2013-07-03 07:00:00,0.0,0.0,16.34,17.01,16.34,21.19,16.49
2013-07-03 08:00:00,0.0,0.0,22.33,23.19,22.33,15.97,22.53
2013-07-03 09:00:00,23.89,25.03,26.53,27.79,26.66,21.84,26.82
2013-07-03 10:00:00,20.16,20.92,26.53,27.91,26.56,25.9,26.82
2013-07-03 11:00:00,22.85,24.02,27.52,29.14,27.61,25.83,27.88
2013-07-03 12:00:00,31.1,32.76,45.1,38.96,37.06,26.76,38.45
2013-07-03 13:00:00,32.62,34.81,36.76,39.53,37.25,42.44,37.36
2013-07-03 14:00:00,35.7,38.14,41.12,44.97,42.26,35.64,42.18
2013-07-03 15:00:00,41.34,44.39,45.46,51.31,47.64,39.89,46.9
2013-07-03 16:00:00,47.08,50.64,60.97,69.89,65.23,44.08,63.17
2013-07-03 17:00:00,61.98,70.71,50.79,67.39,63.48,58.98,54.03
2013-07-03 18:00:00,64.34,72.92,48.48,81.57,63.07,49.54,52.15
2013-07-03 19:00:00,64.3,82.78,52.85,88.33,57.54,47.44,55.43
2013-07-03 20:00:00,157.43,177.28,43.86,58.25,51.22,51.0,45.94
2013-07-03 21:00:00,287.73,306.06,43.04,52.67,44.95,42.12,44.54
2013-07-03 22:00:00,35.75,37.89,36.35,39.61,37.09,41.03,37.21
2013-07-03 23:00:00,31.92,33.98,33.97,39.15,34.63,34.96,34.74
2013-07-04 00:00:00,43.48,46.58,33.71,37.15,34.64,32.7,34.48
2013-07-04 01:00:00,37.75,40.45,32.75,35.82,33.53,32.68,33.46
2013-07-04 02:00:00,36.87,39.98,30.81,47.16,41.14,31.8,32.73
2013-07-04 03:00:00,32.4,35.53,28.09,34.11,31.26,29.61,28.86
2013-07-04 04:00:00,37.7,40.4,26.52,29.26,27.5,27.21,26.98
2013-07-04 05:00:00,34.11,36.42,23.64,24.84,23.75,25.81,24.19
2013-07-04 06:00:00,30.98,32.9,22.5,23.34,22.44,22.85,22.92
2013-07-04 07:00:00,29.83,31.75,23.52,24.2,23.21,21.82,23.44
2013-07-04 08:00:00,30.76,32.66,20.29,19.41,18.96,22.87,19.66
2013-07-04 09:00:00,31.38,33.02,24.94,25.03,24.09,19.37,24.13
2013-07-04 10:00:00,33.83,35.23,15.52,15.47,14.83,24.12,14.69
2013-07-04 11:00:00,38.64,40.36,21.42,22.97,21.4,14.88,19.79
2013-07-04 12:00:00,50.11,52.37,24.53,25.95,24.7,20.37,24.56
2013-07-04 13:00:00,64.36,66.73,27.08,29.24,27.58,23.85,27.4
2013-07-04 14:00:00,56.5,58.62,32.73,40.37,36.15,26.31,33.44
2013-07-04 15:00:00,54.8,57.39,37.59,51.15,39.18,31.64,37.64
2013-07-04 16:00:00,71.35,76.04,33.95,53.54,27.63,36.01,33.38
2013-07-04 17:00:00,159.8,173.21,33.11,51.3,27.6,32.55,32.67
2013-07-04 18:00:00,98.41,106.44,30.86,86.69,23.45,31.74,30.73
2013-07-04 19:00:00,58.72,64.05,32.18,91.39,38.5,28.97,34.5
2013-07-04 20:00:00,62.65,68.78,35.56,124.39,24.79,30.15,35.11
2013-07-04 21:00:00,76.06,83.59,34.41,61.2,27.35,32.8,34.08
2013-07-04 22:00:00,70.68,77.54,31.51,42.3,30.22,32.92,31.82
2013-07-04 23:00:00,60.01,65.54,30.83,37.6,30.44,30.43,31.18
2013-07-05 00:00:00,52.06,57.39,28.58,31.81,29.36,29.85,29.06
2013-07-05 01:00:00,54.52,60.34,28.34,31.41,29.39,27.74,28.88
2013-07-05 02:00:00,84.92,102.02,27.17,35.41,31.85,27.55,28.01
2013-07-05 03:00:00,81.56,84.96,27.4,33.28,30.37,26.21,27.75
2013-07-05 04:00:00,51.77,54.59,23.42,31.78,28.38,26.43,24.1
2013-07-05 05:00:00,43.96,46.4,20.62,30.6,26.93,22.44,21.48
2013-07-05 06:00:00,36.79,39.08,23.6,22.83,21.85,19.72,21.83
2013-07-05 07:00:00,36.39,38.27,22.98,22.56,21.62,22.53,21.41
2013-07-05 08:00:00,40.7,42.69,23.56,22.63,21.77,22.03,21.58
2013-07-05 09:00:00,39.34,41.13,26.79,26.05,25.15,22.51,25.19
2013-07-05 10:00:00,47.08,48.57,26.56,25.46,24.44,25.75,24.61
2013-07-05 11:00:00,49.5,50.56,27.32,28.35,26.96,25.45,27.04
2013-07-05 12:00:00,77.49,78.88,29.23,31.5,29.68,26.48,29.65
2013-07-05 13:00:00,67.84,70.51,33.86,37.76,34.85,28.49,34.55
2013-07-05 14:00:00,71.59,79.67,39.65,43.6,40.58,32.9,39.78
2013-07-05 15:00:00,76.27,86.66,33.05,34.57,32.97,38.33,33.54
2013-07-05 16:00:00,102.92,122.75,47.46,49.6,47.28,31.84,47.98
2013-07-05 17:00:00,139.11,169.7,36.89,37.72,36.55,45.76,37.36
2013-07-05 18:00:00,107.98,129.13,40.28,42.18,40.58,35.37,40.71
2013-07-05 19:00:00,84.75,99.85,40.88,54.72,37.87,38.69,40.5
2013-07-05 20:00:00,238.64,299.0,47.7,65.52,41.14,39.01,47.14
2013-07-05 21:00:00,115.3,139.38,43.17,49.29,42.47,45.36,43.38
2013-07-05 22:00:00,76.37,88.34,34.76,36.26,34.42,41.29,35.09
2013-07-05 23:00:00,60.65,67.68,34.28,37.65,34.1,33.26,34.64
2013-07-06 00:00:00,69.78,74.67,33.96,40.17,32.95,33.0,34.37
2013-07-06 01:00:00,65.16,68.29,34.71,43.41,33.14,32.81,35.18
2013-07-06 02:00:00,54.1,57.82,27.19,38.46,34.0,33.53,28.64
2013-07-06 03:00:00,54.26,57.32,26.7,36.65,32.62,26.16,27.89
2013-07-06 04:00:00,50.63,54.29,21.55,35.64,30.66,25.79,23.21
2013-07-06 05:00:00,48.52,51.73,24.78,33.36,29.9,20.39,25.68
2013-07-06 06:00:00,39.03,41.52,22.78,26.1,24.3,24.0,23.27
2013-07-06 07:00:00,38.71,41.04,23.7,25.38,24.14,21.94,24.03
2013-07-06 08:00:00,36.01,38.18,22.22,23.6,22.5,23.06,22.48
2013-07-06 09:00:00,34.37,36.4,23.19,23.05,22.08,21.66,22.12
2013-07-06 10:00:00,34.92,36.83,23.55,23.73,22.7,22.32,22.64
2013-07-06 11:00:00,39.8,42.02,25.35,27.37,25.89,22.71,25.36
2013-07-06 12:00:00,53.78,56.86,37.68,36.65,32.42,24.6,32.91
2013-07-06 13:00:00,79.54,84.47,41.4,48.33,39.83,35.45,39.82
2013-07-06 14:00:00,60.4,64.41,53.9,166.85,14.64,39.79,49.79
2013-07-06 15:00:00,61.59,67.06,37.68,50.13,35.74,50.93,38.15
2013-07-06 16:00:00,57.82,63.27,44.31,52.85,46.96,36.61,45.59
2013-07-06 17:00:00,59.63,65.2,44.35,56.03,48.56,43.17,47.85
2013-07-06 18:00:00,60.5,66.4,86.2,146.97,102.62,43.06,95.32
2013-07-06 19:00:00,56.65,76.33,97.52,168.19,95.77,83.04,103.46
2013-07-06 20:00:00,56.01,74.67,61.52,178.72,52.08,94.44,73.71
2013-07-06 21:00:00,52.32,74.52,59.36,110.21,52.49,58.53,70.99
2013-07-06 22:00:00,55.9,87.56,33.16,60.75,29.97,57.26,37.09
2013-07-06 23:00:00,52.12,88.66,31.03,48.47,39.2,31.87,37.9
2013-07-07 00:00:00,51.94,70.15,31.48,46.51,44.92,29.53,33.56
2013-07-07 01:00:00,48.83,56.01,42.57,55.32,52.61,29.87,44.74
2013-07-07 02:00:00,38.91,42.24,28.84,33.28,29.4,41.03,29.69
2013-07-07 03:00:00,39.84,43.46,26.38,32.36,28.98,28.17,27.36
2013-07-07 04:00:00,35.84,38.69,21.97,32.6,29.24,25.71,23.5
2013-07-07 05:00:00,37.47,40.57,23.54,31.84,29.05,21.34,24.73
2013-07-07 06:00:00,33.81,36.76,23.61,26.88,25.33,22.93,24.18
2013-07-07 07:00:00,20.53,22.13,21.81,24.89,23.57,23.12,22.44
2013-07-07 08:00:00,14.03,15.15,20.27,21.01,20.16,21.39,20.04
2013-07-07 09:00:00,20.72,22.41,18.22,18.67,17.96,19.77,17.89
2013-07-07 10:00:00,31.65,33.62,10.92,10.74,10.34,17.74,10.32
2013-07-07 11:00:00,27.52,29.31,22.77,28.65,25.99,10.56,22.21
2013-07-07 12:00:00,36.47,38.71,26.37,31.75,29.26,21.94,27.0
2013-07-07 13:00:00,39.59,42.1,34.76,38.77,36.2,25.78,35.41
2013-07-07 14:00:00,46.41,49.85,30.6,35.41,30.79,33.94,31.23
2013-07-07 15:00:00,54.62,59.61,28.89,34.69,28.72,29.79,29.43
2013-07-07 16:00:00,54.97,60.11,30.44,38.92,30.04,27.99,31.02
2013-07-07 17:00:00,60.52,66.44,30.98,37.55,30.37,29.4,31.52
2013-07-07 18:00:00,61.43,67.67,33.02,43.83,29.83,29.88,33.28
2013-07-07 19:00:00,63.14,69.33,35.44,86.78,32.38,31.75,35.72
2013-07-07 20:00:00,59.76,65.41,36.52,75.49,33.74,33.6,36.66
2013-07-07 21:00:00,64.15,70.11,41.58,48.46,40.26,34.73,41.85
2013-07-07 22:00:00,62.46,67.81,32.15,34.14,28.54,39.8,32.44
2013-07-07 23:00:00,56.3,61.06,35.05,30.77,33.75,30.55,35.38
2013-07-08 00:00:00,62.48,67.61,36.65,36.69,36.2,33.4,36.96
2013-07-08 01:00:00,59.23,63.9,38.2,39.93,38.05,35.23,38.67
2013-07-08 02:00:00,55.38,59.8,29.01,30.99,29.28,36.88,29.39
2013-07-08 03:00:00,37.4,39.77,24.77,33.76,30.26,28.09,25.97
2013-07-08 04:00:00,44.29,47.16,23.12,25.63,24.32,23.84,24.52
2013-07-08 05:00:00,42.41,45.0,23.87,25.63,24.5,22.23,24.78
2013-07-08 06:00:00,41.79,43.98,22.12,23.0,22.08,23.11,22.41
2013-07-08 07:00:00,42.27,44.18,18.58,19.31,18.59,21.6,18.83
2013-07-08 08:00:00,43.03,44.84,22.54,23.4,22.54,18.16,22.84
2013-07-08 09:00:00,36.6,38.42,25.36,26.65,25.57,22.02,25.76
2013-07-08 10:00:00,42.03,43.71,26.98,28.23,27.03,24.73,27.37
2013-07-08 11:00:00,71.86,74.5,28.78,30.01,28.74,26.28,29.73
2013-07-08 12:00:00,65.36,68.0,30.29,33.19,31.9,27.81,33.01
2013-07-08 13:00:00,63.53,67.84,31.72,34.39,32.95,28.49,34.57
2013-07-08 14:00:00,62.57,70.0,37.13,39.43,37.8,30.17,40.2
2013-07-08 15:00:00,69.15,75.37,41.62,44.43,42.39,35.47,44.36
2013-07-08 16:00:00,76.76,83.4,47.81,50.21,47.68,39.99,48.81
2013-07-08 17:00:00,83.04,89.6,42.73,46.69,44.52,46.4,50.14
2013-07-08 18:00:00,71.03,77.25,64.44,65.14,63.31,42.23,66.39
2013-07-08 19:00:00,70.79,77.66,80.82,79.36,78.01,62.17,82.34
2013-07-08 20:00:00,78.45,86.34,55.46,56.06,54.21,78.28,56.46
2013-07-08 21:00:00,77.43,84.78,54.6,57.8,55.01,53.8,55.57
2013-07-08 22:00:00,74.86,81.57,54.8,57.88,55.28,52.98,55.64
2013-07-08 23:00:00,53.95,58.58,57.65,58.93,56.31,53.21,58.11
2013-07-09 00:00:00,56.09,60.12,49.75,50.73,48.4,56.02,49.99
2013-07-09 01:00:00,52.38,56.29,48.18,49.46,47.16,48.2,48.52
2013-07-09 02:00:00,46.37,50.32,35.99,37.15,35.36,46.61,36.23
2013-07-09 03:00:00,37.92,40.78,29.3,30.69,29.11,34.87,29.6
2013-07-09 04:00:00,37.54,39.68,27.59,29.08,27.79,28.51,28.32
2013-07-09 05:00:00,35.53,37.63,27.13,27.65,26.78,26.86,27.52
2013-07-09 06:00:00,33.99,35.93,25.0,25.69,24.66,26.55,25.27
2013-07-09 07:00:00,31.24,33.1,19.8,20.24,19.51,24.45,20.01
2013-07-09 08:00:00,36.46,38.66,25.02,25.65,24.74,19.39,25.31
2013-07-09 09:00:00,42.89,45.12,25.28,27.67,26.56,24.46,25.91
2013-07-09 10:00:00,38.27,39.95,25.74,29.95,28.63,24.54,26.66
2013-07-09 11:00:00,33.78,35.45,29.99,35.1,33.35,24.79,31.08
2013-07-09 12:00:00,38.12,40.07,35.3,37.14,35.19,28.78,35.91
2013-07-09 13:00:00,44.89,47.04,42.43,44.63,42.95,34.2,45.6
2013-07-09 14:00:00,48.42,51.05,43.92,45.0,43.15,40.25,45.83
2013-07-09 15:00:00,46.32,49.08,44.32,45.08,43.37,41.91,47.04
2013-07-09 16:00:00,47.16,50.11,56.06,55.38,53.27,41.64,56.8
2013-07-09 17:00:00,42.83,45.61,46.11,47.14,45.52,53.38,48.24
2013-07-09 18:00:00,42.28,45.28,56.71,58.57,56.58,43.78,59.13
2013-07-09 19:00:00,41.23,43.86,50.11,51.46,49.7,54.38,51.52
2013-07-09 20:00:00,44.43,47.3,49.64,51.11,49.37,48.21,50.92
2013-07-09 21:00:00,48.78,52.16,53.58,57.05,54.81,47.6,55.86
2013-07-09 22:00:00,45.68,48.34,43.24,43.83,42.29,51.22,43.76
2013-07-09 23:00:00,34.67,36.48,60.47,60.3,58.04,41.58,60.59
2013-07-10 00:00:00,36.14,38.12,67.85,67.17,64.74,58.25,66.69
2013-07-10 01:00:00,35.21,37.24,56.76,56.42,54.41,65.22,56.06
2013-07-10 02:00:00,35.29,37.14,42.7,40.46,40.19,54.43,42.66
2013-07-10 03:00:00,31.39,33.14,33.12,35.03,34.38,40.9,33.42
2013-07-10 04:00:00,31.33,32.91,27.76,31.82,30.41,31.65,28.56
2013-07-10 05:00:00,30.21,31.67,28.3,30.39,29.14,26.54,28.79
2013-07-10 06:00:00,26.9,28.16,25.26,28.86,27.71,27.42,26.15
2013-07-10 07:00:00,21.89,22.87,23.49,26.99,26.01,24.29,24.17
2013-07-10 08:00:00,29.35,30.72,23.77,28.42,27.32,22.4,24.71
2013-07-10 09:00:00,31.46,32.75,27.52,33.04,31.67,22.73,28.67
2013-07-10 10:00:00,37.2,38.8,30.1,35.48,33.71,26.26,36.64
2013-07-10 11:00:00,43.24,44.9,34.0,43.15,40.01,29.6,42.29
2013-07-10 12:00:00,36.73,38.16,39.77,48.27,45.99,32.6,50.6
2013-07-10 13:00:00,33.76,36.02,50.82,54.49,52.38,38.2,57.9
2013-07-10 14:00:00,40.57,44.37,46.72,49.91,48.44,48.0,54.9
2013-07-10 15:00:00,53.72,59.51,52.59,51.65,50.81,44.03,57.91
2013-07-10 16:00:00,63.21,70.75,47.98,52.95,51.79,53.01,59.42
2013-07-10 17:00:00,57.18,76.21,74.21,77.27,75.23,58.61,80.24
2013-07-10 18:00:00,44.75,72.81,49.02,53.6,52.1,71.19,55.95
2013-07-10 19:00:00,47.07,73.79,53.78,58.2,55.97,50.82,56.54
2013-07-10 20:00:00,50.16,73.6,41.31,45.14,42.82,53.95,42.9
2013-07-10 21:00:00,53.53,68.4,52.14,56.33,53.47,40.81,53.62
2013-07-10 22:00:00,56.21,67.79,43.53,46.14,43.93,51.33,44.38
2013-07-10 23:00:00,49.26,54.76,40.08,43.97,41.86,42.69,43.35
2013-07-11 00:00:00,49.58,54.87,45.55,51.87,49.46,39.11,51.38
2013-07-11 01:00:00,48.55,53.11,41.1,48.48,45.96,43.57,47.82
2013-07-11 02:00:00,35.83,38.28,32.62,36.65,34.99,40.86,37.38
2013-07-11 03:00:00,36.92,39.29,29.78,32.62,31.06,30.98,31.4
2013-07-11 04:00:00,31.51,33.38,27.73,32.4,30.17,28.59,28.16
2013-07-11 05:00:00,25.78,27.35,27.87,30.77,29.06,26.77,28.11
2013-07-11 06:00:00,28.34,30.11,25.19,29.81,27.74,27.02,25.62
2013-07-11 07:00:00,29.26,30.93,23.89,26.89,25.33,24.38,24.17
2013-07-11 08:00:00,28.94,30.82,24.98,27.68,26.17,23.17,25.26
2013-07-11 09:00:00,30.3,32.24,26.55,30.12,28.26,24.26,26.96
2013-07-11 10:00:00,31.12,32.72,27.99,31.18,29.31,25.76,28.33
2013-07-11 11:00:00,50.22,52.51,30.31,34.77,32.44,27.17,30.82
2013-07-11 12:00:00,39.84,41.29,33.62,37.22,35.03,29.37,34.23
2013-07-11 13:00:00,39.68,41.08,32.46,34.96,33.24,32.58,33.04
2013-07-11 14:00:00,33.95,35.11,33.86,36.07,34.45,31.38,34.4
2013-07-11 15:00:00,33.83,35.22,35.25,37.08,35.47,32.66,35.75
2013-07-11 16:00:00,40.25,41.98,42.44,44.91,42.94,33.98,43.12
2013-07-11 17:00:00,48.12,50.33,56.17,60.12,57.52,40.84,57.28
2013-07-11 18:00:00,33.72,35.17,47.09,50.03,47.55,53.85,47.62
2013-07-11 19:00:00,45.49,47.55,69.92,74.44,71.02,45.12,70.07
2013-07-11 20:00:00,54.0,56.72,53.23,55.99,53.27,66.82,52.95
2013-07-11 21:00:00,49.0,51.69,48.88,51.13,48.7,50.84,48.95
2013-07-11 22:00:00,47.34,50.01,46.12,48.12,45.84,46.75,46.3
2013-07-11 23:00:00,48.75,51.18,41.49,43.38,41.27,44.13,41.72
2013-07-12 00:00:00,51.27,53.4,36.03,38.42,36.43,39.95,37.41
2013-07-12 01:00:00,35.96,37.17,36.89,40.21,38.1,34.43,39.83
2013-07-12 02:00:00,29.9,31.03,31.56,34.34,32.68,34.76,34.87
2013-07-12 03:00:00,31.57,33.14,28.96,30.87,29.25,29.44,29.75
2013-07-12 04:00:00,32.3,33.38,26.19,27.7,26.28,28.01,26.43
2013-07-12 05:00:00,28.01,28.82,26.44,27.37,26.2,25.52,26.58
2013-07-12 06:00:00,22.13,23.01,25.53,26.52,25.38,25.59,25.6
2013-07-12 07:00:00,26.12,27.08,24.1,24.92,23.92,24.91,24.16
2013-07-12 08:00:00,26.04,27.05,24.85,25.46,24.51,23.51,24.85
2013-07-12 09:00:00,27.82,28.88,25.85,26.73,25.62,24.17,25.97
2013-07-12 10:00:00,24.44,25.36,26.89,27.94,26.7,25.21,27.1
2013-07-12 11:00:00,20.62,21.64,28.09,29.52,28.13,26.2,28.41
2013-07-12 12:00:00,21.79,22.69,30.5,32.03,30.45,27.41,30.82
2013-07-12 13:00:00,32.05,32.99,31.27,33.13,31.45,29.71,31.8
2013-07-12 14:00:00,41.45,43.03,35.25,37.2,35.35,30.51,35.83
2013-07-12 15:00:00,44.41,46.01,37.41,39.28,37.36,34.3,37.95
2013-07-12 16:00:00,38.81,40.23,38.91,40.29,38.57,36.34,39.36
2013-07-12 17:00:00,44.26,45.96,37.78,38.71,37.04,37.78,38.18
2013-07-12 18:00:00,35.91,37.23,39.7,40.02,38.38,36.67,39.93
2013-07-12 19:00:00,31.56,32.91,38.32,38.13,36.63,38.48,38.41
2013-07-12 20:00:00,34.51,35.9,41.77,41.13,39.55,37.1,41.8
2013-07-12 21:00:00,35.81,37.2,43.11,42.08,40.54,40.47,43.05
2013-07-12 22:00:00,32.64,33.27,37.55,36.88,35.48,41.73,37.53
2013-07-12 23:00:00,31.67,32.21,33.81,33.74,32.35,36.36,33.93
2013-07-13 00:00:00,28.47,29.1,33.82,34.45,32.91,32.79,34.1
2013-07-13 01:00:00,30.16,30.87,31.17,32.07,30.6,32.88,31.56
2013-07-13 02:00:00,29.47,30.46,28.15,28.9,27.65,30.36,28.46
2013-07-13 03:00:00,27.36,28.37,26.54,27.09,26.0,27.43,26.75
2013-07-13 04:00:00,23.93,25.11,24.3,25.0,24.04,25.91,24.57
2013-07-13 05:00:00,7.22,7.58,25.29,25.98,25.04,23.79,25.53
2013-07-13 06:00:00,0.0,0.0,13.62,13.95,13.48,24.77,13.73
2013-07-13 07:00:00,0.0,0.0,6.06,6.14,5.97,13.34,6.08
2013-07-13 08:00:00,0.0,0.0,23.19,23.56,22.92,5.94,23.32
2013-07-13 09:00:00,0.0,0.0,24.36,24.89,24.2,22.71,24.54
2013-07-13 10:00:00,0.0,0.0,16.37,16.73,16.23,23.85,16.49
2013-07-13 11:00:00,0.0,0.0,23.6,24.46,23.64,16.04,23.9
2013-07-13 12:00:00,43.19,44.39,27.9,28.97,27.86,23.16,28.31
2013-07-13 13:00:00,34.61,35.18,30.1,31.45,30.1,27.31,30.6
2013-07-13 14:00:00,23.71,23.94,43.06,45.39,43.17,29.44,43.92
2013-07-13 15:00:00,22.29,22.46,40.94,43.13,40.94,42.05,41.71
2013-07-13 16:00:00,29.47,29.69,42.96,45.51,43.12,39.92,43.84
2013-07-13 17:00:00,31.18,31.3,40.43,42.58,40.41,41.88,41.22
2013-07-13 18:00:00,30.94,31.05,41.2,43.24,40.99,39.42,41.94
2013-07-13 19:00:00,31.54,31.79,57.32,59.53,56.67,40.12,58.37
2013-07-13 20:00:00,34.58,34.87,54.53,56.27,53.59,55.8,55.45
2013-07-13 21:00:00,43.28,43.61,73.05,74.99,71.47,53.03,74.2
2013-07-13 22:00:00,41.7,41.93,41.26,42.4,40.41,71.02,41.95
2013-07-13 23:00:00,38.41,38.91,41.95,43.24,41.19,40.14,42.67
2013-07-14 00:00:00,41.99,42.44,44.6,46.61,44.32,40.86,45.85
2013-07-14 01:00:00,42.5,43.13,40.44,43.62,41.62,43.41,43.5
2013-07-14 02:00:00,37.89,38.96,34.25,36.92,35.26,38.85,36.93
2013-07-14 03:00:00,33.42,34.55,30.89,32.45,30.98,32.8,31.9
2013-07-14 04:00:00,31.03,31.71,29.82,31.24,29.84,30.03,30.35
2013-07-14 05:00:00,26.07,26.71,27.66,29.29,27.95,29.2,28.19
2013-07-14 06:00:00,29.14,29.84,24.03,25.39,24.3,27.13,24.47
2013-07-14 07:00:00,29.79,30.52,23.71,24.87,23.94,23.58,24.1
2013-07-14 08:00:00,29.83,30.51,23.4,24.0,23.34,23.29,23.79
2013-07-14 09:00:00,15.51,15.77,25.11,25.88,25.13,22.79,25.49
2013-07-14 10:00:00,18.07,18.24,20.76,21.68,20.95,24.54,21.15
2013-07-14 11:00:00,30.09,30.77,25.99,26.58,25.78,20.38,26.3
2013-07-14 12:00:00,41.97,42.38,30.72,32.16,30.78,25.29,31.16
2013-07-14 13:00:00,55.76,55.91,33.98,36.08,34.29,30.02,34.73
2013-07-14 14:00:00,54.75,54.66,53.95,57.4,54.45,33.25,55.26
2013-07-14 15:00:00,58.44,58.2,55.39,59.23,56.25,52.73,57.05
2013-07-14 16:00:00,62.71,63.2,61.1,65.07,61.85,54.08,62.85
2013-07-14 17:00:00,59.79,60.26,55.95,61.63,58.53,59.51,58.98
2013-07-14 18:00:00,58.9,61.07,49.99,56.26,53.38,55.8,53.46
2013-07-14 19:00:00,59.84,62.49,51.09,57.41,54.41,50.46,54.64
2013-07-14 20:00:00,69.27,72.01,95.89,102.97,97.68,51.78,98.83
2013-07-14 21:00:00,105.05,108.94,154.62,172.59,164.54,92.65,159.3
2013-07-14 22:00:00,109.65,113.71,95.61,110.49,105.36,150.25,99.33
2013-07-14 23:00:00,66.52,68.95,67.82,72.18,68.73,93.0,69.67
2013-07-15 00:00:00,79.13,82.11,94.37,100.99,96.37,65.59,97.33
2013-07-15 01:00:00,62.13,64.35,113.15,119.36,114.19,91.19,116.2
2013-07-15 02:00:00,49.09,51.7,49.11,51.59,49.71,109.5,51.9
2013-07-15 03:00:00,47.11,49.79,40.66,42.5,40.94,46.79,42.53
2013-07-15 04:00:00,40.06,41.86,33.82,36.53,35.25,38.91,37.08
2013-07-15 05:00:00,31.78,33.32,30.7,32.51,31.23,32.12,31.96
2013-07-15 06:00:00,30.19,31.69,26.76,28.05,26.99,29.76,27.36
2013-07-15 07:00:00,30.08,31.25,26.14,27.28,26.31,26.13,26.74
2013-07-15 08:00:00,31.2,32.29,27.51,28.62,27.58,25.57,28.1
2013-07-15 09:00:00,31.59,32.61,29.56,30.68,29.51,26.89,30.18
2013-07-15 10:00:00,37.51,38.53,32.3,33.59,32.23,28.85,32.95
2013-07-15 11:00:00,50.06,51.05,38.93,40.75,39.02,31.47,39.89
2013-07-15 12:00:00,72.64,73.75,68.14,71.17,68.13,37.89,69.89
2013-07-15 13:00:00,84.27,87.17,50.48,57.61,54.3,66.42,53.65
2013-07-15 14:00:00,79.11,84.91,103.56,119.15,111.52,49.35,110.54
2013-07-15 15:00:00,81.31,88.19,205.46,220.85,212.97,100.0,220.01
2013-07-15 16:00:00,155.61,171.39,86.92,128.58,131.12,196.86,127.62
2013-07-15 17:00:00,350.98,387.04,147.3,211.24,196.67,77.38,179.46
2013-07-15 18:00:00,276.44,304.57,203.32,261.87,241.63,139.58,241.91
2013-07-15 19:00:00,176.88,196.83,341.03,364.08,349.0,195.23,365.28
2013-07-15 20:00:00,197.35,219.72,39.03,68.91,60.44,330.67,53.02
2013-07-15 21:00:00,133.18,148.79,51.26,143.76,107.2,35.93,84.71
2013-07-15 22:00:00,106.09,118.36,82.25,141.16,120.23,46.55,106.24
2013-07-15 23:00:00,73.08,81.31,53.12,100.55,81.48,77.27,60.8
2013-07-16 00:00:00,74.63,83.89,76.76,104.77,97.77,51.56,90.2
2013-07-16 01:00:00,73.3,83.05,62.33,75.35,72.32,86.96,70.43
2013-07-16 02:00:00,47.43,50.71,48.52,50.93,48.99,67.09,49.94
2013-07-16 03:00:00,37.02,39.72,50.26,53.51,51.54,47.46,54.02
2013-07-16 04:00:00,63.78,69.05,36.82,39.5,38.29,48.28,41.03
2013-07-16 05:00:00,60.53,65.05,30.37,33.69,32.3,34.82,33.64
2013-07-16 06:00:00,47.13,49.94,28.1,31.01,29.43,28.75,29.09
2013-07-16 07:00:00,30.92,32.95,26.97,28.23,27.18,27.47,27.77
2013-07-16 08:00:00,28.26,30.04,26.37,27.28,26.35,26.32,27.09
2013-07-16 09:00:00,46.17,48.75,30.12,32.9,31.34,25.69,31.1
2013-07-16 10:00:00,50.49,52.69,29.01,40.96,36.63,29.49,31.85
2013-07-16 11:00:00,55.96,58.53,40.57,49.23,46.0,27.96,44.6
2013-07-16 12:00:00,55.32,57.97,50.3,52.71,50.43,38.7,51.48
2013-07-16 13:00:00,61.65,65.52,107.68,114.99,110.52,49.02,113.89
2013-07-16 14:00:00,78.88,85.52,115.2,122.29,117.96,104.03,121.52
2013-07-16 15:00:00,124.54,136.36,44.21,75.84,67.02,111.46,66.7
2013-07-16 16:00:00,139.83,153.32,174.11,184.23,176.67,40.55,185.77
2013-07-16 17:00:00,111.04,123.02,62.76,67.59,65.55,167.52,69.72
2013-07-16 18:00:00,144.73,164.82,62.9,72.53,68.59,60.09,73.14
2013-07-16 19:00:00,145.95,168.06,77.21,85.41,81.9,60.2,85.53
2013-07-16 20:00:00,129.67,147.32,98.6,116.62,111.3,74.42,109.15
2013-07-16 21:00:00,110.22,126.5,126.51,138.43,133.12,94.84,135.97
2013-07-16 22:00:00,96.09,111.74,75.74,105.25,94.24,121.98,91.62
2013-07-16 23:00:00,71.03,79.0,82.09,93.34,88.88,72.23,89.75
2013-07-17 00:00:00,68.26,74.78,70.58,76.22,72.8,78.91,72.96
2013-07-17 01:00:00,59.28,64.1,57.96,66.83,64.04,68.36,61.93
2013-07-17 02:00:00,49.35,53.06,46.03,47.56,45.64,56.41,47.01
2013-07-17 03:00:00,49.84,53.04,42.28,43.83,42.18,44.51,44.27
2013-07-17 04:00:00,48.91,51.59,36.5,35.6,36.33,40.66,38.9
2013-07-17 05:00:00,38.94,41.24,30.5,32.21,31.62,34.94,32.82
2013-07-17 06:00:00,35.58,37.74,26.43,27.5,26.42,29.21,27.13
2013-07-17 07:00:00,29.1,30.84,25.2,25.62,24.78,25.78,25.91
2013-07-17 08:00:00,25.41,27.0,26.69,27.69,26.69,24.34,27.31
2013-07-17 09:00:00,32.45,34.17,29.7,31.36,30.12,26.14,30.64
2013-07-17 10:00:00,33.7,35.5,29.07,37.41,34.45,28.92,32.26
2013-07-17 11:00:00,46.14,48.78,38.24,57.59,50.12,27.71,44.42
2013-07-17 12:00:00,47.79,50.62,54.4,58.01,55.79,36.19,58.62
2013-07-17 13:00:00,50.94,54.74,66.82,71.08,68.37,51.96,70.79
2013-07-17 14:00:00,72.5,80.41,84.19,92.34,88.85,63.77,86.33
2013-07-17 15:00:00,92.76,106.71,64.42,71.8,69.17,80.39,69.11
2013-07-17 16:00:00,89.96,101.99,150.56,170.27,161.73,61.22,157.1
2013-07-17 17:00:00,89.16,98.61,178.56,198.24,188.81,145.88,180.61
2013-07-17 18:00:00,151.92,168.85,123.56,138.94,134.56,173.02,130.22
2013-07-17 19:00:00,164.68,184.18,92.71,107.87,102.42,119.45,99.94
2013-07-17 20:00:00,158.26,178.06,117.65,139.47,133.85,89.28,126.74
2013-07-17 21:00:00,104.09,117.4,65.89,105.82,92.46,112.95,73.86
2013-07-17 22:00:00,104.3,120.95,73.64,123.32,104.82,63.12,82.32
2013-07-17 23:00:00,78.82,89.62,69.99,76.86,73.27,70.04,71.86
2013-07-18 00:00:00,77.01,86.5,66.86,72.67,69.41,67.44,68.59
2013-07-18 01:00:00,65.4,72.03,83.25,87.95,84.26,64.42,85.15
2013-07-18 02:00:00,57.77,62.28,41.26,41.08,39.65,80.42,41.93
2013-07-18 03:00:00,52.11,55.37,37.7,38.3,36.77,39.86,38.27
2013-07-18 04:00:00,54.93,58.22,31.93,41.22,37.47,36.65,33.56
2013-07-18 05:00:00,52.35,55.54,27.75,32.93,31.1,30.86,29.2
2013-07-18 06:00:00,43.28,46.09,24.86,30.36,28.95,26.64,26.46
2013-07-18 07:00:00,43.24,46.18,25.51,27.16,26.19,23.66,26.44
2013-07-18 08:00:00,43.69,46.63,26.69,27.25,26.28,24.49,27.39
2013-07-18 09:00:00,45.29,48.19,28.71,31.31,30.12,25.92,29.96
2013-07-18 10:00:00,47.6,50.29,29.28,40.42,36.54,27.73,31.35
2013-07-18 11:00:00,58.66,61.99,48.44,94.92,75.74,28.05,55.51
2013-07-18 12:00:00,60.83,65.14,73.08,109.6,96.54,47.16,78.27
2013-07-18 13:00:00,105.74,119.25,59.4,83.21,74.44,70.65,63.31
2013-07-18 14:00:00,129.1,150.79,57.89,87.75,77.69,57.58,65.28
2013-07-18 15:00:00,219.0,267.34,62.97,122.2,99.4,56.93,77.56
2013-07-18 16:00:00,197.95,226.63,223.96,368.25,283.47,60.74,254.32
2013-07-18 17:00:00,221.57,247.02,417.52,462.52,439.13,216.78,444.64
2013-07-18 18:00:00,237.45,267.16,39.66,46.5,43.9,407.47,43.85
2013-07-18 19:00:00,386.94,469.9,79.4,110.78,97.57,38.78,107.77
2013-07-18 20:00:00,263.29,365.62,74.31,106.61,90.71,73.79,90.33
2013-07-18 21:00:00,127.36,146.03,84.76,139.86,114.88,68.63,105.63
2013-07-18 22:00:00,120.32,139.12,125.89,203.21,163.26,79.01,141.33
2013-07-18 23:00:00,93.32,105.52,95.98,158.81,119.61,122.43,105.99
2013-07-19 00:00:00,91.0,115.08,111.84,131.66,125.69,93.01,125.65
2013-07-19 01:00:00,88.19,97.73,88.43,86.78,98.19,108.4,98.91
2013-07-19 02:00:00,68.69,75.28,43.47,49.38,47.25,86.54,46.11
2013-07-19 03:00:00,51.02,55.94,57.37,61.36,59.79,42.35,59.37
2013-07-19 04:00:00,57.63,61.84,35.23,53.56,46.68,56.31,37.95
2013-07-19 05:00:00,48.79,52.14,40.89,49.26,45.4,34.03,42.4
2013-07-19 06:00:00,39.96,42.84,34.82,36.2,34.6,39.74,35.37
2013-07-19 07:00:00,37.71,40.52,28.37,32.16,30.52,33.85,29.36
2013-07-19 08:00:00,39.18,41.99,28.53,34.37,32.38,27.39,29.9
2013-07-19 09:00:00,43.47,46.29,30.13,36.37,33.98,27.42,31.49
2013-07-19 10:00:00,46.79,49.78,32.68,45.24,40.69,29.02,34.62
2013-07-19 11:00:00,55.94,60.1,62.78,103.82,89.21,31.51,67.85
2013-07-19 12:00:00,74.94,82.25,65.12,132.98,109.69,60.32,72.84
2013-07-19 13:00:00,101.94,112.14,48.91,104.65,83.23,62.29,56.73
2013-07-19 14:00:00,293.93,326.03,67.43,118.26,99.35,47.02,77.61
2013-07-19 15:00:00,399.84,447.51,50.83,109.48,83.91,64.86,60.46
2013-07-19 16:00:00,462.44,736.56,90.87,186.37,142.71,47.28,105.76
2013-07-19 17:00:00,100.45,988.6,111.82,229.53,170.95,84.5,132.4
2013-07-19 18:00:00,183.93,769.24,59.46,210.75,119.39,105.57,88.04
2013-07-19 19:00:00,116.0,705.13,57.83,215.04,98.02,54.89,71.56
2013-07-19 20:00:00,120.08,650.68,50.62,226.96,56.06,54.28,56.53
2013-07-19 21:00:00,104.84,488.11,43.84,156.34,44.2,47.11,47.11
2013-07-19 22:00:00,54.96,82.53,40.8,66.9,40.66,41.31,42.42
2013-07-19 23:00:00,52.96,58.53,88.66,92.46,88.54,39.03,90.36
2013-07-20 00:00:00,88.69,86.31,85.49,90.43,85.53,85.65,87.35
2013-07-20 01:00:00,91.33,90.33,53.2,54.17,52.03,82.95,54.5
2013-07-20 02:00:00,65.65,72.43,41.78,42.75,41.05,51.42,42.34
2013-07-20 03:00:00,58.7,64.06,34.24,43.49,38.88,40.5,36.03
2013-07-20 04:00:00,50.84,54.22,30.21,49.82,41.11,32.7,35.38
2013-07-20 05:00:00,55.79,59.85,30.97,33.53,31.41,27.87,33.27
2013-07-20 06:00:00,52.31,56.15,28.97,30.69,29.27,29.04,30.84
2013-07-20 07:00:00,45.35,48.85,26.84,29.18,27.58,27.37,28.32
2013-07-20 08:00:00,43.35,46.75,27.24,29.82,27.82,25.54,27.67
2013-07-20 09:00:00,34.33,37.0,25.95,27.65,26.04,26.36,26.19
2013-07-20 10:00:00,25.64,27.46,26.05,27.15,25.8,25.18,26.27
2013-07-20 11:00:00,39.9,42.43,16.8,39.22,29.86,25.3,19.6
2013-07-20 12:00:00,43.75,46.24,30.31,45.63,38.42,16.24,32.24
2013-07-20 13:00:00,50.44,53.9,35.75,44.84,39.74,29.35,36.78
2013-07-20 14:00:00,56.65,61.44,59.41,60.92,57.53,34.73,59.16
2013-07-20 15:00:00,58.09,63.19,35.58,59.54,48.31,57.71,38.1
2013-07-20 16:00:00,57.88,63.17,38.46,43.73,39.7,34.49,38.72
2013-07-20 17:00:00,139.86,151.17,54.65,57.56,53.66,37.25,54.44
2013-07-20 18:00:00,145.99,158.23,55.4,59.51,54.93,52.8,55.19
2013-07-20 19:00:00,75.97,82.89,55.73,59.14,54.91,53.56,55.67
2013-07-20 20:00:00,49.48,53.82,63.82,67.34,62.92,53.98,63.85
2013-07-20 21:00:00,57.61,63.31,49.44,52.84,49.04,61.76,49.62
2013-07-20 22:00:00,53.45,58.51,43.9,48.07,44.49,47.72,44.26
2013-07-20 23:00:00,48.59,52.83,34.83,56.48,46.48,42.37,37.34
2013-07-21 00:00:00,50.37,54.14,37.96,58.37,48.84,33.47,40.41
2013-07-21 01:00:00,47.57,50.27,41.14,47.47,43.41,36.6,41.91
2013-07-21 02:00:00,38.95,40.67,33.52,38.49,35.28,39.83,34.21
2013-07-21 03:00:00,47.03,49.75,30.35,34.48,31.81,32.52,30.98
2013-07-21 04:00:00,75.03,79.5,29.51,33.58,30.73,29.47,30.07
2013-07-21 05:00:00,52.16,55.25,28.23,35.19,32.07,28.59,28.97
2013-07-21 06:00:00,60.78,64.31,25.74,32.6,29.65,27.33,26.44
2013-07-21 07:00:00,40.81,43.11,25.73,28.46,26.76,24.93,25.98
2013-07-21 08:00:00,33.3,34.93,23.7,25.8,24.33,25.03,23.93
2013-07-21 09:00:00,30.56,32.21,22.76,24.39,23.15,23.09,22.95
2013-07-21 10:00:00,30.58,32.18,17.2,23.22,20.7,22.18,17.81
2013-07-21 11:00:00,36.45,38.17,24.85,28.68,26.63,16.7,25.18
2013-07-21 12:00:00,31.88,33.2,27.98,35.37,31.54,24.2,28.76
2013-07-21 13:00:00,31.68,32.86,32.21,37.95,33.85,27.15,32.74
2013-07-21 14:00:00,33.07,34.32,40.47,43.56,37.43,31.08,40.47
2013-07-21 15:00:00,32.06,33.41,88.65,95.22,87.4,38.62,88.89
2013-07-21 16:00:00,45.07,46.94,93.78,99.41,92.54,85.34,93.94
2013-07-21 17:00:00,51.63,53.84,57.79,60.76,56.49,90.46,57.91
2013-07-21 18:00:00,42.8,44.87,100.77,105.74,96.33,55.75,101.03
2013-07-21 19:00:00,44.2,46.42,67.67,70.3,62.7,96.89,67.58
2013-07-21 20:00:00,49.77,52.05,48.78,50.23,43.04,64.73,48.56
2013-07-21 21:00:00,52.67,55.0,49.35,49.64,45.7,46.25,49.14
2013-07-21 22:00:00,51.22,53.43,46.72,46.16,44.24,47.1,46.41
2013-07-21 23:00:00,46.51,48.17,46.27,45.89,43.93,44.72,46.01
2013-07-22 00:00:00,44.02,45.37,45.77,46.2,42.87,44.35,45.73
2013-07-22 01:00:00,37.52,38.65,44.78,45.27,39.62,43.71,44.69
2013-07-22 02:00:00,42.76,44.59,37.69,39.0,37.12,42.38,37.85
2013-07-22 03:00:00,36.98,38.76,30.58,32.24,30.6,36.33,30.87
2013-07-22 04:00:00,30.81,32.37,8.83,36.2,33.83,29.59,31.6
2013-07-22 05:00:00,31.45,32.97,27.87,29.8,28.43,13.73,28.51
2013-07-22 06:00:00,30.62,32.01,25.16,26.59,25.42,27.13,25.54
2013-07-22 07:00:00,29.7,31.03,24.33,25.45,24.36,24.47,24.58
2013-07-22 08:00:00,31.03,32.38,25.65,26.68,25.54,23.66,25.88
2013-07-22 09:00:00,31.43,32.95,28.42,29.82,28.41,24.93,28.71
2013-07-22 10:00:00,39.13,40.82,31.77,33.5,31.76,27.58,32.07
2013-07-22 11:00:00,52.96,54.89,35.52,37.77,35.64,30.79,35.86
2013-07-22 12:00:00,45.29,46.87,38.27,41.04,38.52,34.32,38.67
2013-07-22 13:00:00,51.77,54.02,37.37,40.44,37.37,36.96,37.87
2013-07-22 14:00:00,55.79,58.61,40.6,43.03,40.43,36.06,41.18
2013-07-22 15:00:00,56.75,59.44,41.18,47.11,43.8,39.09,41.93
2013-07-22 16:00:00,57.52,60.25,38.83,47.0,43.47,39.75,39.71
2013-07-22 17:00:00,83.03,87.18,42.34,66.04,44.01,37.54,43.12
2013-07-22 18:00:00,68.76,72.38,45.15,51.85,48.3,40.28,45.67
2013-07-22 19:00:00,70.22,74.03,46.25,55.61,45.8,43.28,46.01
2013-07-22 20:00:00,59.21,62.33,55.28,60.48,56.18,43.94,55.1
2013-07-22 21:00:00,57.94,60.78,46.82,48.72,45.9,52.54,46.43
2013-07-22 22:00:00,60.28,62.77,46.32,48.23,45.23,44.32,45.8
2013-07-22 23:00:00,60.37,62.9,48.57,49.25,46.44,43.87,47.78
2013-07-23 00:00:00,61.09,63.5,46.76,48.23,45.27,46.04,46.25
2013-07-23 01:00:00,53.82,55.52,46.33,47.75,45.05,44.55,45.92
2013-07-23 02:00:00,48.92,50.45,33.36,34.93,32.82,44.2,33.19
2013-07-23 03:00:00,40.11,41.86,29.67,33.11,30.72,31.89,29.87
2013-07-23 04:00:00,29.0,30.34,25.69,31.5,28.74,28.39,26.3
2013-07-23 05:00:00,29.46,30.92,26.95,30.09,28.18,24.62,27.3
2013-07-23 06:00:00,28.41,29.85,26.2,27.39,26.12,25.93,26.3
2013-07-23 07:00:00,29.65,31.06,23.75,24.64,23.58,25.34,23.86
2013-07-23 08:00:00,32.68,34.05,25.48,26.02,25.01,22.93,25.57
2013-07-23 09:00:00,33.89,35.12,28.91,28.08,27.22,24.48,28.76
2013-07-23 10:00:00,44.82,46.13,30.46,31.66,30.13,26.99,30.58
2013-07-23 11:00:00,57.18,58.56,29.0,30.71,28.97,29.38,29.2
2013-07-23 12:00:00,36.28,37.25,31.81,33.72,31.69,27.95,31.95
2013-07-23 13:00:00,35.39,36.59,38.36,40.3,37.87,30.6,38.35
2013-07-23 14:00:00,46.17,48.08,46.5,48.53,45.58,36.74,46.45
2013-07-23 15:00:00,48.27,50.84,57.51,59.85,56.29,44.4,57.39
2013-07-23 16:00:00,42.04,44.53,55.76,58.74,55.37,54.87,55.64
2013-07-23 17:00:00,54.95,58.6,69.1,74.01,70.08,53.2,69.1
2013-07-23 18:00:00,71.66,77.09,64.37,70.46,66.4,66.09,63.74
2013-07-23 19:00:00,87.7,94.34,89.21,97.41,91.41,60.98,87.2
2013-07-23 20:00:00,76.03,81.5,89.49,94.82,88.36,84.24,89.08
2013-07-23 21:00:00,46.67,49.5,53.25,64.17,57.22,84.93,53.8
2013-07-23 22:00:00,49.34,51.9,42.19,54.15,49.61,51.19,41.22
2013-07-23 23:00:00,43.54,45.5,40.46,45.63,42.7,40.6,39.71
2013-07-24 00:00:00,48.57,50.78,38.41,45.98,42.82,38.85,37.49
2013-07-24 01:00:00,53.21,55.17,32.98,39.85,36.96,36.94,32.22
2013-07-24 02:00:00,41.7,43.13,29.66,32.0,29.89,31.77,29.74
2013-07-24 03:00:00,32.3,33.63,28.01,30.03,28.18,28.65,28.04
2013-07-24 04:00:00,30.68,31.89,25.41,27.18,25.61,27.1,25.51
2013-07-24 05:00:00,29.44,30.78,25.18,26.66,25.24,24.67,25.24
2013-07-24 06:00:00,28.49,29.85,23.2,24.49,23.23,24.49,23.28
2013-07-24 07:00:00,28.6,29.75,22.85,24.06,22.94,22.57,22.94
2013-07-24 08:00:00,29.38,30.49,23.09,24.27,23.22,22.26,23.23
2013-07-24 09:00:00,37.91,39.33,26.92,27.83,26.64,22.53,26.95
2013-07-24 10:00:00,30.76,32.0,25.18,26.21,24.93,25.96,25.28
2013-07-24 11:00:00,39.78,41.77,25.97,27.75,26.13,24.35,26.18
2013-07-24 12:00:00,52.59,55.2,27.85,29.6,27.84,25.22,28.04
2013-07-24 13:00:00,35.27,37.65,29.9,32.33,30.22,26.96,30.2
2013-07-24 14:00:00,48.91,53.15,30.55,36.71,30.38,28.89,30.81
2013-07-24 15:00:00,59.33,65.14,30.02,41.1,28.07,29.46,29.97
2013-07-24 16:00:00,60.13,66.26,30.62,47.18,25.86,28.87,30.17
2013-07-24 17:00:00,60.05,66.3,32.95,49.54,29.33,29.35,32.62
2013-07-24 18:00:00,47.55,52.25,31.82,47.99,30.94,31.55,31.74
2013-07-24 19:00:00,36.59,40.08,31.76,53.95,27.85,30.55,31.18
2013-07-24 20:00:00,52.46,58.13,31.29,51.14,27.23,30.34,30.8
2013-07-24 21:00:00,58.03,63.66,31.84,50.84,27.04,30.03,31.28
2013-07-24 22:00:00,45.25,49.38,32.25,41.73,29.49,30.55,31.97
2013-07-24 23:00:00,32.86,35.54,30.88,42.16,26.78,31.11,30.37
2013-07-25 00:00:00,32.07,34.23,29.69,35.55,28.53,29.71,29.71
2013-07-25 01:00:00,34.5,36.45,29.68,35.89,28.41,28.73,29.76
2013-07-25 02:00:00,29.87,31.69,26.77,28.68,27.01,28.73,27.05
2013-07-25 03:00:00,28.06,29.94,25.06,26.54,25.12,26.0,25.26
2013-07-25 04:00:00,26.92,28.29,25.19,26.5,25.24,24.42,25.36
2013-07-25 05:00:00,24.43,25.57,24.31,25.4,24.3,24.57,24.47
2013-07-25 06:00:00,15.75,16.5,5.85,6.06,5.82,23.74,5.89
2013-07-25 07:00:00,4.67,4.84,1.23,1.27,1.22,5.72,1.24
2013-07-25 08:00:00,17.79,18.3,19.87,19.05,18.43,1.21,18.72
2013-07-25 09:00:00,26.81,27.61,27.22,26.52,25.56,19.15,25.98
2013-07-25 10:00:00,22.0,22.84,24.34,24.91,23.86,26.24,24.27
2013-07-25 11:00:00,27.27,28.3,26.02,27.06,25.79,23.67,26.27
2013-07-25 12:00:00,26.41,27.22,26.73,27.51,26.22,25.35,26.94
2013-07-25 13:00:00,16.59,17.06,27.2,27.94,26.65,25.96,27.46
2013-07-25 14:00:00,24.28,24.89,28.82,29.55,28.15,26.43,29.06
2013-07-25 15:00:00,15.45,15.82,29.96,30.86,29.32,27.94,30.19
2013-07-25 16:00:00,8.26,8.47,31.68,35.79,30.94,29.04,31.8
2013-07-25 17:00:00,11.61,11.91,32.81,37.6,31.94,30.71,32.8
2013-07-25 18:00:00,22.67,23.27,33.46,37.24,32.31,31.73,33.39
2013-07-25 19:00:00,23.24,23.83,36.95,41.75,35.35,32.38,36.73
2013-07-25 20:00:00,19.96,20.46,38.81,44.69,37.03,35.76,38.48
2013-07-25 21:00:00,22.01,22.57,38.03,43.64,36.28,37.55,37.68
2013-07-25 22:00:00,22.27,22.88,31.98,33.91,30.58,36.79,31.86
2013-07-25 23:00:00,22.41,23.12,30.7,31.21,29.45,30.97,30.69
2013-07-26 00:00:00,25.19,25.88,30.84,31.33,29.82,29.73,30.91
2013-07-26 01:00:00,10.06,10.31,31.63,32.67,30.68,29.89,31.71
2013-07-26 02:00:00,14.75,15.19,28.13,28.68,27.31,30.63,28.25
2013-07-26 03:00:00,5.79,5.95,25.29,26.0,24.54,27.26,25.37
2013-07-26 04:00:00,14.53,14.89,23.38,23.82,22.92,24.56,23.51
2013-07-26 05:00:00,14.62,14.81,22.59,22.8,22.04,22.77,22.65
2013-07-26 06:00:00,14.61,14.78,1.37,1.37,1.33,22.02,1.37
2013-07-26 07:00:00,16.76,16.98,0.0,0.0,0.0,1.34,0.0
2013-07-26 08:00:00,16.49,16.61,22.35,22.39,21.79,0.0,22.35
2013-07-26 09:00:00,17.51,17.69,25.48,25.83,25.03,21.79,25.58
2013-07-26 10:00:00,17.08,17.23,23.55,23.9,23.06,24.84,23.66
2013-07-26 11:00:00,31.55,32.35,26.13,26.82,25.72,22.96,26.32
2013-07-26 12:00:00,36.14,36.96,27.9,28.7,27.39,25.48,28.14
2013-07-26 13:00:00,32.15,33.24,30.2,31.42,29.85,27.15,30.52
2013-07-26 14:00:00,30.12,31.48,34.31,36.22,34.25,29.35,34.75
2013-07-26 15:00:00,30.57,31.99,35.42,36.48,34.44,33.34,35.24
2013-07-26 16:00:00,31.14,32.65,38.53,38.17,36.13,33.87,37.7
2013-07-26 17:00:00,31.77,33.45,47.67,46.97,44.36,36.1,46.45
2013-07-26 18:00:00,28.66,30.26,48.65,46.26,43.65,44.45,46.5
2013-07-26 19:00:00,27.54,29.08,54.01,52.13,49.05,44.52,51.9
2013-07-26 20:00:00,29.39,30.95,61.41,59.21,55.59,49.77,58.79
2013-07-26 21:00:00,31.96,33.73,50.79,53.02,47.66,56.49,49.05
2013-07-26 22:00:00,31.24,32.98,43.37,42.52,39.71,46.83,40.63
2013-07-26 23:00:00,27.98,29.51,34.66,34.64,32.7,40.98,33.46
2013-07-27 00:00:00,28.56,30.16,36.42,36.2,34.16,32.85,34.84
2013-07-27 01:00:00,27.99,29.5,34.04,35.47,33.51,34.63,34.0
2013-07-27 02:00:00,12.61,13.23,28.68,30.07,28.52,32.76,28.9
2013-07-27 03:00:00,24.04,24.52,24.74,25.49,24.24,27.87,24.7
2013-07-27 04:00:00,22.21,22.78,32.81,26.57,25.66,24.03,26.96
2013-07-27 05:00:00,12.13,12.47,27.21,28.28,27.11,30.77,27.34
2013-07-27 06:00:00,17.37,17.91,27.64,24.57,23.81,26.61,24.59
2013-07-27 07:00:00,13.7,14.15,23.45,23.36,22.58,26.33,22.82
2013-07-27 08:00:00,5.14,5.27,23.66,23.88,23.14,22.79,23.45
2013-07-27 09:00:00,0.67,0.69,24.92,25.14,24.42,23.1,24.73
2013-07-27 10:00:00,0.0,0.0,23.7,23.66,22.98,24.34,23.35
2013-07-27 11:00:00,0.0,0.0,26.01,26.01,25.18,23.12,25.49
2013-07-27 12:00:00,23.03,23.09,25.17,26.31,25.25,25.28,25.46
2013-07-27 13:00:00,29.21,29.84,30.5,31.65,30.2,24.7,30.56
2013-07-27 14:00:00,29.23,30.1,34.4,35.79,33.9,29.81,34.19
2013-07-27 15:00:00,30.72,31.63,37.8,37.9,35.78,33.4,36.73
2013-07-27 16:00:00,34.67,35.6,37.38,40.94,33.65,35.48,35.87
2013-07-27 17:00:00,33.83,34.71,37.55,48.38,30.54,34.76,35.28
2013-07-27 18:00:00,32.31,33.28,36.86,54.97,25.38,34.64,33.47
2013-07-27 19:00:00,33.14,34.13,34.63,58.45,25.23,33.27,31.13
2013-07-27 20:00:00,33.78,34.67,36.18,56.77,25.77,30.51,33.27
2013-07-27 21:00:00,34.28,35.05,35.97,38.63,31.04,32.84,33.51
2013-07-27 22:00:00,33.76,34.5,31.53,34.22,30.21,32.73,30.99
2013-07-27 23:00:00,27.9,28.46,33.92,32.24,30.39,29.97,30.67
2013-07-28 00:00:00,28.73,29.23,35.33,36.24,31.69,32.36,32.5